sent_index_in_text	sentence	dependency_tree	text_id_numeric	text_id
1	Ein Zyklotron besteht aus einer flachen, zylindrischen Vakuumkammer zwischen den Polen eines Elektromagneten, der ein Feld in z-Richtung erzeugt.	(S (NP (ART Ein) (NN Zyklotron)) (VVFIN besteht) (APPR aus) (ART einer) (CAP (ADJA flachen))) ($, ,) (ADJA zylindrischen) (NN Vakuumkammer) (APPR zwischen) (ART den) (NN Polen) (ART eines) (NN Elektromagneten) ($, ,) (PP (NP (S (PRELS der) (NP (ART ein) (NN Feld) (PP (APPR in) (NN z-Richtung))) (VVFIN erzeugt)))) ($. .)	6	p0
2	Die Kammer ist in zwei D-förmige Hälften aufgeteilt, zwischen denen eine Hochfrequenzspannung anliegt.	(S (NP (ART Die) (NN Kammer)) (VAFIN ist) (VP (APPR in) (CARD zwei) (ADJA D-förmige) (NN Hälften) (VVPP aufgeteilt))) ($, ,) (PP (S (PP (APPR zwischen) (PRELS denen)) (NP (ART eine) (NN Hochfrequenzspannung)) (VVFIN anliegt))) ($. .)	6	p0
3	Die von der Ionenquelle im Spalt zwischen den Kammern im Zentrum der Anordnung emittierten positiven Ionen werden auf die negative Kammerhälfte zu beschleunigt.	(S (NP (ART Die) (AP (APPR von) (ART der) (NN Ionenquelle) (PP (APPRART im) (NN Spalt) (PP (APPR zwischen) (ART den) (NN Kammern))) (PP (APPRART im) (NN Zentrum) (NP (ART der) (NN Anordnung))) (ADJA emittierten)) (ADJA positiven) (NN Ionen)) (VAFIN werden) (VP (PP (APPR auf) (ART die) (ADJA negative) (NN Kammerhälfte)) (VZ (PTKZU zu) (VVINF beschleunigt)))) ($. .)	6	p0
4	Da im Inneren der Kammerhälften mit metallischen Wänden kein elektrisches Feld existiert, beschreiben die Ionen hier im Magnetfeld einen Halbkreis in der x-y-Ebene, dessen Radius durch die als Zentripetalkraft wirkende Lorentzkraft festgelegt und dessen Umlaufszeit unabhängig vom Radius ist.	(S (KOUS Da) (PP (APPRART im) (NN Inneren) (NP (ART der) (NN Kammerhälften) (PP (APPR mit) (ADJA metallischen) (NN Wänden)))) (NP (PIAT kein) (ADJA elektrisches) (NN Feld)) (VVFIN existiert)) ($, ,) (S (VVFIN beschreiben) (NP (ART die) (NN Ionen)) (ADV hier) (PP (APPRART im) (NN Magnetfeld)) (ART einen) (NN Halbkreis) (PP (APPR in) (ART der) (NN x-y-Ebene))) ($, ,) (NP (CS (S (NP (PRELAT dessen) (NN Radius)) (VP (PP (APPR durch) (ART die) (AP (PP (APPR als) (NN Zentripetalkraft)) (ADJA wirkende)) (NN Lorentzkraft)) (VVPP festgelegt))) (KON und) (S (NP (PRELAT dessen) (NN Umlaufszeit)) (AP (ADJD unabhängig) (PP (APPRART vom) (NN Radius))) (VAFIN ist)))) ($. .)	6	p0
5	Wird die Hochfrequenz nun genau so gewählt, dass die Ionen nach Durchlaufen des Halbkreises immer zu einem Zeitpunkt wieder am Spalt ankommen, bei dem die richtige Polarität der Beschleunigungsspannung anliegt, nimmt ihre kinetische Energie bei Durchlaufen des Spaltes zu, ihre Geschwindigkeit wächst und daher auch der Radius des nächsten Halbkreises.	(S (VAFIN Wird) (NP (ART die) (NN Hochfrequenz)) (VP (ADV nun) (AVP (ADJD genau) (ADV so)) (VVPP gewählt))) ($, ,) (S (KOUS dass) (NP (ART die) (NN Ionen)) (PP (APPR nach) (NN Durchlaufen) (NP (ART des) (NN Halbkreises))) (ADV immer) (APPR zu) (ART einem) (NN Zeitpunkt) (ADV wieder) (APPRART am) (NN Spalt) (VVFIN ankommen)) ($, ,) (PP (S (PP (APPR bei) (PRELS dem)) (NP (ART die) (ADJA richtige) (NN Polarität)) (NP (ART der) (NN Beschleunigungsspannung)) (VVFIN anliegt))) ($, ,) (CS (S (VVFIN nimmt) (NP (PPOSAT ihre) (ADJA kinetische) (NN Energie)) (PP (APPR bei) (NN Durchlaufen) (NP (ART des) (NN Spaltes))) (PTKVZ zu))) ($, ,) (S (NP (PPOSAT ihre) (NN Geschwindigkeit)) (VVFIN wächst)) (KON und) (S (PROAV daher) (NP (ADV auch) (ART der) (NN Radius) (NP (ART des) (ADJA nächsten) (NN Halbkreises)))) ($. .)	6	p0
6	Die Ionen durchlaufen deshalb eine spiralartige Bahn, die aus lauter Halbkreisen mit wachsenden Radien besteht, bis sie den Rand des Magnetfeldes erreicht haben und dort durch ein elektrisches Ablenkfeld extrahiert werden können.	(S (NP (ART Die) (NN Ionen)) (VVFIN durchlaufen) (PROAV deshalb) (ART eine) (ADJA spiralartige) (NN Bahn)) ($, ,) (NP (S (PRELS die) (PP (APPR aus) (PIAT lauter) (NN Halbkreisen)) (PP (APPR mit) (ADJA wachsenden) (NN Radien)) (VVFIN besteht))) ($, ,) (CS (S (KOUS bis) (PPER sie) (VP (NP (ART den) (NN Rand) (NP (ART des) (NN Magnetfeldes))) (VVPP erreicht)) (VAFIN haben)) (KON und) (S (VP (VP (ADV dort) (PP (APPR durch) (ART ein) (ADJA elektrisches) (NN Ablenkfeld)) (VVPP extrahiert)) (VAINF werden)) (VMFIN können))) ($. .)	6	p0
1	Um das Vorhandensein der Polymerasekettenreaktion-Produkte feststellen zu können, verwendet man die Gelelektrophorese mit einer anschließenden Behandlung des Gels durch Ethidiumbromid.	(VP (KOUI Um) (VP (NP (ART das) (NN Vorhandensein) (NP (ART der) (NN Polymerasekettenreaktion-Produkte))) (VVINF feststellen)) (VZ (PTKZU zu) (VMINF können))) ($, ,) (S (VVFIN verwendet) (PIS man) (NP (ART die) (NN Gelelektrophorese)) (PP (APPR mit) (ART einer) (ADJA anschließenden) (NN Behandlung) (NP (ART des) (NN Gels)) (PP (APPR durch) (NN Ethidiumbromid)))) ($. .)	0	b0
2	Bei dieser Methode wird die negative Ladung der DNA-Fragmente genutzt.	(S (PP (APPR Bei) (PDAT dieser) (NN Methode)) (VAFIN wird) (NP (ART die) (ADJA negative) (NN Ladung) (NP (ART der) (NN DNA-Fragmente))) (VP (VVPP genutzt))) ($. .)	0	b0
3	Die DNA-Fragmente sind auf Grund der darin enthaltenen Phosphatreste negativ geladen.	(S (NP (ART Die) (NN DNA-Fragmente)) (VAFIN sind) (VP (PP (APPR auf) (NN Grund) (NP (ART der) (AP (PROAV darin) (ADJA enthaltenen)) (NN Phosphatreste))) (ADJD negativ) (VVPP geladen))) ($. .)	0	b0
4	Anlegen eines elektrischen Feldes lässt die Polymerasekettenreaktion-Produkte durch ein gelartiges Medium, zumeist Agarose, wandern.	(S (NP (NN Anlegen) (NP (ART eines) (ADJA elektrischen) (NN Feldes))) (VVFIN lässt) (NP (ART die) (NN Polymerasekettenreaktion-Produkte)) (APPR durch) (ART ein) (ADJA gelartiges) (NN Medium)) ($, ,) (PP (NP (ADV zumeist) (NN Agarose))) ($, ,) (VP (VVINF wandern)) ($. .)	0	b0
5	"Die DNA-Fragmente wandern durch das ""Agarose-Sieb"" vom Minuspol zum Pluspol."	"(S (NP (ART Die) (NN DNA-Fragmente)) (VVFIN wandern) (APPR durch) (ART das)) ($LRB "") (PP (NN Agarose-Sieb)) ($LRB "") (PP (PP (APPRART vom) (NN Minuspol)) (PP (APPRART zum) (NN Pluspol))) ($. .)"	0	b0
6	"Kleinere Fragmente wandern schneller durch das ""Agarose-Sieb"", daher befinden sie sich in der Nähe zum Pluspol des Gels."	"(CS (S (NP (ADJA Kleinere) (NN Fragmente)) (VVFIN wandern) (ADJD schneller) (APPR durch) (ART das))) ($LRB "") (PP (NN Agarose-Sieb)) ($LRB "") ($, ,) (S (PROAV daher) (VVFIN befinden) (PPER sie) (PRF sich) (PP (APPR in) (ART der) (NN Nähe) (PP (APPRART zum) (NN Pluspol) (NP (ART des) (NN Gels))))) ($. .)"	0	b0
7	Die größeren Fragmente wandern langsamer und bleiben in der Nähe zum Minuspol.	(CS (S (NP (ART Die) (ADJA größeren) (NN Fragmente)) (VVFIN wandern) (ADJD langsamer)) (KON und) (S (VVFIN bleiben) (PP (APPR in) (ART der) (NN Nähe) (PP (APPRART zum) (NN Minuspol))))) ($. .)	0	b0
8	Um DNA-Fragmente sichtbar zu machen, behandelt man das Gel mit einer wässrigen Lösung von Ethidiumbromid.	(VP (KOUI Um) (NN DNA-Fragmente) (ADJD sichtbar) (VZ (PTKZU zu) (VVINF machen))) ($, ,) (S (VVFIN behandelt) (PIS man) (NP (ART das) (NN Gel)) (PP (APPR mit) (ART einer) (ADJA wässrigen) (NN Lösung) (PP (APPR von) (NN Ethidiumbromid)))) ($. .)	0	b0
9	Das Molekül des Ethidiumbromids ist planar und kann sich zwischen den Basen der DNA-Fragmente einlagern.	(CS (S (NP (ART Das) (NN Molekül) (NP (ART des) (NN Ethidiumbromids))) (VAFIN ist) (ADJD planar)) (KON und) (S (VMFIN kann) (VP (PRF sich) (PP (APPR zwischen) (ART den) (NN Basen) (NP (ART der) (NN DNA-Fragmente))) (VVINF einlagern)))) ($. .)	0	b0
10	Nur nach dem Entstehen eines solchen Komplexes und durch das Beleuchten mit UV-Licht kann man die Polymerasekettenreaktion-Produkte in Form von Banden sehen und fotografieren.	(S (CPP (PP (ADV Nur) (APPR nach) (ART dem) (NN Entstehen) (NP (ART eines) (PIAT solchen) (NN Komplexes))) (KON und) (PP (APPR durch) (ART das) (NN Beleuchten) (PP (APPR mit) (NN UV-Licht)))) (VMFIN kann) (PIS man) (CVP (VP (NP (ART die) (NN Polymerasekettenreaktion-Produkte) (PP (APPR in) (NN Form) (PP (APPR von) (NN Banden)))) (VVINF sehen)) (KON und) (VP (VVINF fotografieren)))) ($. .)	0	b0
1	"Der entscheidende Durchbruch zur Aufstellung eines Ordnungsschemas gelang dem Quarkmodell, das die Vielzahl der bisher gefundenen als ""Elementarteilchen"" angenommenen Teilchen als Systeme mit innerer Struktur ansieht, die aus wenigen ""noch elementareren"" Teilchen zusammengesetzt sind."	"(S (NP (ART Der) (ADJA entscheidende) (NN Durchbruch) (PP (APPRART zur) (NN Aufstellung) (NP (ART eines) (NN Ordnungsschemas)))) (VVFIN gelang) (ART dem) (NN Quarkmodell)) ($, ,) (PRELS das) (ART die) (NN Vielzahl) (ART der) (AP (ADV bisher) (ADJA gefundenen)) (APPR als) ($LRB "") (PP (NN Elementarteilchen)) ($LRB "") (NP (S (NP (NP (AP (ADJA angenommenen)) (NN Teilchen))) (APPR als) (NN Systeme) (PP (APPR mit) (ADJA innerer) (NN Struktur)) (VVFIN ansieht))) ($, ,) (PRELS die) (APPR aus) (PIAT wenigen) ($LRB "") (AP (ADV noch) (ADJA elementareren)) ($LRB "") (PP (S (VP (PP (NN Teilchen)) (VVPP zusammengesetzt)) (VAFIN sind))) ($. .)"	9	p3
2	Trägt man die bisher bekannten Hadronen in einem Diagramm ein, in dem ihre Masse als Ordinate und ihr Spin als Abszisse gewählt wird, so fällt auf, dass es bestimmte Gruppen gibt, in denen die Teilchen in diesem Diagramm eng benachbart sind, d.h. gleichen Spin, gleiche Parität und fast gleiche Masse haben.	(AVP (S (VVFIN Trägt) (PIS man) (NP (ART die) (AP (ADV bisher) (ADJA bekannten)) (NN Hadronen)) (APPR in) (ART einem) (NN Diagramm) (PTKVZ ein))) ($, ,) (PP (CS (S (PP (APPR in) (PRELS dem)) (NP (PPOSAT ihre) (NN Masse)) (PP (APPR als) (NN Ordinate))) (KON und) (S (NP (PPOSAT ihr) (NN Spin)) (VP (PP (APPR als) (NN Abszisse)) (VVPP gewählt)) (VAFIN wird)))) ($, ,) (S (ADV so) (VVFIN fällt) (PTKVZ auf)) ($, ,) (S (KOUS dass) (PPER es) (ADJA bestimmte) (NN Gruppen) (VVFIN gibt)) ($, ,) (NP (CS (S (PP (APPR in) (PRELS denen)) (NP (ART die) (NN Teilchen)) (VP (PP (APPR in) (PDAT diesem) (NN Diagramm)) (ADJD eng) (VVPP benachbart)) (VAFIN sind)))) ($, ,) (S (VVFIN d.h.) (CNP (NP (ADJA gleichen) (NN Spin)))) ($, ,) (S (NP (ADJA gleiche) (NN Parität)) (KON und) (NP (AP (ADV fast) (ADJA gleiche)) (NN Masse)) (VAFIN haben)) ($. .)	9	p3
3	"Dies brachte Murray Gell-Mann und George Zweig unabhängig voneinander auf die Idee, dass Hadronen aus wenigen ""elementareren"" Teilchen zusammengesetzt sein sollten."	"(S (PDS Dies) (VVFIN brachte) (CNP (PN (NE Murray) (NE Gell-Mann)) (KON und) (PN (NE George) (NE Zweig))) (AP (ADJD unabhängig) (ADV voneinander)) (APPR auf) (ART die) (NN Idee)) ($, ,) (KOUS dass) (NN Hadronen) (APPR aus) (PIAT wenigen) ($LRB "") (ADJA elementareren) ($LRB "") (PP (S (VP (VP (PP (NN Teilchen)) (VVPP zusammengesetzt)) (VAINF sein)) (VMFIN sollten))) ($. .)"	9	p3
4	Diese Idee wurde unterstützt durch das anomale magnetische Moment des Neutrons, das als neutrales Teilchen eigentlich kein magnetisches Moment haben sollte, außer wenn es aus geladenen Teilchen zusammengesetzt ist, deren Ladungen sich zu null kompensieren.	(S (NP (PDAT Diese) (NN Idee)) (VAFIN wurde) (VP (VVPP unterstützt) (APPR durch) (ART das) (ADJA anomale) (ADJA magnetische) (NN Moment) (ART des) (NN Neutrons))) ($, ,) (PP (NP (S (PRELS das) (PP (APPR als) (ADJA neutrales) (NN Teilchen)) (ADV eigentlich) (VP (NP (PIAT kein) (ADJA magnetisches) (NN Moment)) (VAINF haben)) (VMFIN sollte)))) ($, ,) (S (APPR außer) (KOUS wenn) (PPER es) (VP (APPR aus) (ADJA geladenen) (NN Teilchen) (VVPP zusammengesetzt)) (VAFIN ist)) ($, ,) (PP (S (NP (PRELAT deren) (NN Ladungen)) (PRF sich) (PP (APPR zu) (CARD null)) (VVFIN kompensieren))) ($. .)	9	p3
5	Außerdem wurde bei der Streuung von hochenergetischen Elektronen und Protonen an Protonen und Neutronen gefunden, dass beide Nukleonen viele Anregungszustände haben.	(S (PROAV Außerdem) (VAFIN wurde) (VP (PP (APPR bei) (ART der) (NN Streuung) (PP (APPR von) (ADJA hochenergetischen) (CNP (NN Elektronen) (KON und) (NN Protonen))) (PP (APPR an) (CNP (NN Protonen) (KON und) (NN Neutronen)))) (VVPP gefunden))) ($, ,) (S (KOUS dass) (NP (PIAT beide) (NN Nukleonen)) (NP (PIAT viele) (NN Anregungszustände)) (VAFIN haben)) ($. .)	9	p3
6	"Sie können deshalb keine ""elementaren"" Teilchen sein, sondern müssen aus ""wirklich elementaren"" Teilchen bestehen."	"(CS (S (PPER Sie) (VMFIN können) (PROAV deshalb) (PIAT keine))) ($LRB "") (ADJA elementaren) ($LRB "") (VP (NP (NN Teilchen)) (VAINF sein)) ($, ,) (KON sondern) (S (VMFIN müssen) (APPR aus)) ($LRB "") (PP (AP (ADJD wirklich) (ADJA elementaren) ($LRB "") (NN Teilchen) (VVFIN bestehen))) ($. .)"	9	p3
1	Wurzeln entziehen dem Boden Wasser, aber sie nehmen auch essenzielle Mineralstoffe auf.	(CS (S (NN Wurzeln) (VVFIN entziehen) (NP (ART dem) (NN Boden)) (NN Wasser))) ($, ,) (KON aber) (S (PPER sie) (VVFIN nehmen) (ADV auch) (ADJA essenzielle) (NN Mineralstoffe) (PTKVZ auf)) ($. .)	2	b2
2	Böden sind heterogen und weisen Unterschiede auf kleinem Raum auf.	(CS (S (NN Böden) (VAFIN sind) (ADJD heterogen)) (KON und) (S (VVFIN weisen) (NN Unterschiede) (PP (APPR auf) (ADJA kleinem) (NN Raum)) (PTKVZ auf))) ($. .)	2	b2
3	Wurzeln, die durch den Boden wachsen, können auf Regionen treffen, die sich im Wasser- und Mineralstoffgehalt unterscheiden.	(NN Wurzeln) ($, ,) (NP (S (PRELS die) (PP (APPR durch) (ART den) (NN Boden)) (VVFIN wachsen))) ($, ,) (S (VMFIN können) (VP (APPR auf) (NN Regionen) (VVINF treffen))) ($, ,) (PP (S (PRELS die) (PRF sich) (PP (APPRART im) (CNP (TRUNC Wasser-) (KON und) (NN Mineralstoffgehalt))) (VVFIN unterscheiden))) ($. .)	2	b2
4	In den besser versorgten Regionen sind Wurzeln oft stark verzweigt.	(S (PP (APPR In) (ART den) (AP (ADJD besser) (ADJA versorgten)) (NN Regionen)) (VAFIN sind) (NN Wurzeln) (VP (ADV oft) (ADJD stark) (VVPP verzweigt))) ($. .)	2	b2
5	Für die Aufnahme mineralischer Nährstoffe ist die Wurzelarchitektur von ganz besonderer Bedeutung, weil sich unterschiedliche Mineralstoffe ganz verschieden verhalten und durch verschiedenartige Kräfte im Boden gehalten werden.	(S (PP (APPR Für) (ART die) (NN Aufnahme) (NP (ADJA mineralischer) (NN Nährstoffe))) (VAFIN ist) (NP (ART die) (NN Wurzelarchitektur)) (PP (APPR von) (AP (ADV ganz) (ADJA besonderer)) (NN Bedeutung))) ($, ,) (CS (S (KOUS weil) (PRF sich) (NP (ADJA unterschiedliche) (NN Mineralstoffe)) (AP (ADV ganz) (ADJD verschieden)) (VVFIN verhalten)) (KON und) (S (VP (PP (APPR durch) (ADJA verschiedenartige) (NN Kräfte)) (PP (APPRART im) (NN Boden)) (VVPP gehalten)) (VAFIN werden))) ($. .)	2	b2
6	Nitrationen diffundieren schnell im Bodenwasser.	(S (NN Nitrationen) (VVFIN diffundieren) (ADJD schnell) (PP (APPRART im) (NN Bodenwasser))) ($. .)	2	b2
7	Stark transpirierende Pflanzen können Nitrat schneller zur Wurzeloberfläche transportieren, als sie es im Pflanzenkörper anreichern können.	(S (NP (AP (ADJD Stark) (ADJA transpirierende)) (NN Pflanzen)) (VMFIN können) (VP (NN Nitrat) (AP (ADJD schneller)) (PP (APPRART zur) (NN Wurzeloberfläche)) (VVINF transportieren))) ($, ,) (S (KOKOM als) (PPER sie) (VP (PPER es) (PP (APPRART im) (NN Pflanzenkörper)) (VVINF anreichern)) (VMFIN können)) ($. .)	2	b2
8	Andere essenzielle Mineralstoffe wie Phosphat sind jedoch fest im Boden gebunden, sie haben niedrige Diffusionskoeffizienten.	(CS (S (NP (ADJA Andere) (ADJA essenzielle) (NN Mineralstoffe) (NP (KOKOM wie) (NN Phosphat))) (VAFIN sind) (VP (ADV jedoch) (ADJD fest) (PP (APPRART im) (NN Boden)) (VVPP gebunden)))) ($, ,) (S (PPER sie) (VAFIN haben) (NP (ADJA niedrige) (NN Diffusionskoeffizienten))) ($. .)	2	b2
9	Die Phosphatverarmungszonen von zwei Wurzeln, die sehr nah beieinander sind, überlappen sich kaum und ein reich verzweigtes Wurzelsystem erhöht die Phosphataufnahme bei knapper Phosphatversorgung daher enorm.	(ART Die) (NN Phosphatverarmungszonen) (APPR von) (CARD zwei) (NN Wurzeln) ($, ,) (NP (PP (S (PRELS die) (AP (AP (ADV sehr) (ADJD nah)) (ADV beieinander)) (VAFIN sind)))) ($, ,) (CS (S (VVFIN überlappen) (PRF sich) (ADV kaum)) (KON und) (S (NP (ART ein) (AP (ADJD reich) (ADJA verzweigtes)) (NN Wurzelsystem)) (VVFIN erhöht) (NP (ART die) (NN Phosphataufnahme)) (PP (APPR bei) (ADJA knapper) (NN Phosphatversorgung)) (PROAV daher) (ADJD enorm))) ($. .)	2	b2
10	Ein extensiv ausgebildetes Wurzelsystem mit größeren Zwischenräumen dagegen kann die Nitrataufnahme maximieren.	(S (NP (ART Ein) (AP (ADJD extensiv) (ADJA ausgebildetes)) (NN Wurzelsystem) (PP (APPR mit) (ADJA größeren) (NN Zwischenräumen)) (PROAV dagegen)) (VMFIN kann) (VP (NP (ART die) (NN Nitrataufnahme)) (VVINF maximieren))) ($. .)	2	b2
1	In der homologen Rekombinationsreparatur veranlasst RecA in Verbindung mit einer Reihe weiterer Proteine die Auflösung der angehaltenen Replikationsgabel:	(S (PP (APPR In) (ART der) (ADJA homologen) (NN Rekombinationsreparatur)) (VVFIN veranlasst) (NE RecA) (PP (APPR in) (NN Verbindung) (PP (APPR mit) (ART einer) (NN Reihe) (NP (ADJA weiterer) (NN Proteine)))) (NP (ART die) (NN Auflösung) (NP (ART der) (ADJA angehaltenen) (NN Replikationsgabel)))) ($. :)	1	b1
2	Kommt der Replikationskomplex an eine schadhafte DNA-Stelle, löst er sich und überspringt den Schaden, um an anderer Stelle fortzufahren.	(S (VVFIN Kommt) (NP (ART der) (NN Replikationskomplex)) (PP (APPR an) (ART eine) (ADJA schadhafte) (NN DNA-Stelle))) ($, ,) (CS (S (VVFIN löst) (PPER er) (PRF sich)) (KON und) (S (VVFIN überspringt) (NP (ART den) (NN Schaden)))) ($, ,) (VP (KOUI um) (PP (APPR an) (ADJA anderer) (NN Stelle)) (VVIZU fortzufahren)) ($. .)	1	b1
3	Es entsteht eine Replikationslücke im Tochterstrang, die über 800 Basen umfassen kann.	(S (PPER Es) (VVFIN entsteht) (ART eine) (NN Replikationslücke) (PP (APPRART im) (NN Tochterstrang))) ($, ,) (NP (S (PRELS die) (VP (NP (AP (ADV über) (CARD 800)) (NN Basen)) (VVINF umfassen)) (VMFIN kann))) ($. .)	1	b1
4	"Bei der ""rekombinatorischen Reparatur"" bindet das RecA-Protein an die Einzelstrang-DNA-Enden links und rechts der Replikationslücke und sucht die Schwesterchromatide oder das homologe Chromosom nach homologen Sequenzen ab."	"(APPR Bei) (ART der) ($LRB "") (PP (ADJA rekombinatorischen) (NN Reparatur)) ($LRB "") (CS (S (VVFIN bindet) (NP (ART das) (NN RecA-Protein)) (PP (APPR an) (ART die) (NN Einzelstrang-DNA-Enden) (PP (CAVP (ADV links) (KON und) (ADV rechts)) (NP (ART der) (NN Replikationslücke))))) (KON und) (S (VVFIN sucht) (CNP (NP (ART die) (NN Schwesterchromatide)) (KON oder) (NP (ART das) (ADJA homologe) (NN Chromosom))) (PP (APPR nach) (ADJA homologen) (NN Sequenzen)) (PTKVZ ab))) ($. .)"	1	b1
5	Ist eine solche Stelle gefunden, dringt der Komplex in die Doppelhelix ein, verdrängt den homologen und bindet den komplementären Strang.	(S (VAFIN Ist) (NP (ART eine) (PIAT solche) (NN Stelle)) (VVPP gefunden)) ($, ,) (CS (S (VVFIN dringt) (NP (ART der) (NN Komplex)) (PP (APPR in) (ART die) (NN Doppelhelix)) (PTKVZ ein))) ($, ,) (S (VVFIN verdrängt) (NP (ART den) (ADJA homologen))) (KON und) (S (VVFIN bindet) (NP (ART den) (ADJA komplementären) (NN Strang))) ($. .)	1	b1
6	Dieser dient dann als Matrize zum Auffüllen der Replikationslücke.	(S (PDS Dieser) (VVFIN dient) (ADV dann) (PP (APPR als) (NN Matrize) (PP (APPRART zum) (NN Auffüllen) (NP (ART der) (NN Replikationslücke))))) ($. .)	1	b1
7	Der verdrängte Strang paart sich mit dem Strang, der den DNA-Schaden aufweist.	(S (NP (ART Der) (ADJA verdrängte) (NN Strang)) (VVFIN paart) (PRF sich) (APPR mit) (ART dem) (NN Strang)) ($, ,) (PP (S (PRELS der) (NP (ART den) (NN DNA-Schaden)) (VVFIN aufweist))) ($. .)	1	b1
8	Durch Endonuklease-Schnitte und anschließende Ligation bilden sich letztendlich wieder zwei komplette Doppelhelices aus.	(S (PP (APPR Durch) (CNP (NN Endonuklease-Schnitte) (KON und) (NP (ADJA anschließende) (NN Ligation)))) (VVFIN bilden) (PRF sich) (ADV letztendlich) (ADV wieder) (NP (CARD zwei) (ADJA komplette) (NN Doppelhelices)) (PTKVZ aus)) ($. .)	1	b1
9	Zu beachten ist, dass der ursprüngliche DNA-Schaden bei dieser Reparatur nicht behoben wird, sondern nur die Lücke im Tochterstrang.	(S (VZ (PTKZU Zu) (VVINF beachten)) (VAFIN ist)) ($, ,) (S (KOUS dass) (CNP (NP (ART der) (ADJA ursprüngliche) (NN DNA-Schaden))) (VP (PP (APPR bei) (PDAT dieser) (NN Reparatur)) (PTKNEG nicht) (VVPP behoben)) (VAFIN wird)) ($, ,) (KON sondern) (NP (ADV nur) (ART die) (NN Lücke) (PP (APPRART im) (NN Tochterstrang))) ($. .)	1	b1
10	In Hefen und höheren Eukaryoten ist dieses System in ähnlicher Form ebenfalls vorhanden.	(S (PP (APPR In) (CNP (NN Hefen) (KON und) (NP (ADJA höheren) (NN Eukaryoten)))) (VAFIN ist) (NP (PDAT dieses) (NN System)) (PP (APPR in) (ADJA ähnlicher) (NN Form)) (ADV ebenfalls) (ADJD vorhanden)) ($. .)	1	b1
1	Photonische Kristalle sind räumlich periodische Anordnungen von dielektrischen Medien mit unterschiedlicher Dielektrizitätskonstante und damit unterschiedlichen Brechzahlen.	(S (NP (ADJA Photonische) (NN Kristalle)) (VAFIN sind) (NP (AP (ADJD räumlich) (ADJA periodische)) (NN Anordnungen) (PP (APPR von) (ADJA dielektrischen) (NN Medien)) (PP (APPR mit) (CNP (NP (ADJA unterschiedlicher) (NN Dielektrizitätskonstante)) (KON und) (NP (PROAV damit) (ADJA unterschiedlichen) (NN Brechzahlen)))))) ($. .)	8	p2
2	Man kann sie realisieren durch transparente Materialien, in die periodische Strukturen (z.B. dielektrische Mikrozylinder oder Kügelchen) eingebaut sind, deren Abstände in der Größenordnung der optischen Wellenlänge liegen.	(S (PIS Man) (VMFIN kann) (VP (PPER sie) (VVINF realisieren)) (APPR durch) (ADJA transparente) (NN Materialien)) ($, ,) (PP (APPR in) (PRELS die)) (ADJA periodische) (NN Strukturen) ($LRB -LRB-) (PP (NN z.B.)) (ADJA dielektrische) (CNP (NN Mikrozylinder) (KON oder) (NN Kügelchen)) ($LRB -RRB-) (PP (S (VP (VVPP eingebaut)) (VAFIN sind))) ($, ,) (NP (S (NP (PRELAT deren) (NN Abstände)) (PP (APPR in) (ART der) (NN Größenordnung) (NP (ART der) (ADJA optischen) (NN Wellenlänge))) (VVFIN liegen))) ($. .)	8	p2
3	Sie beeinflussen deshalb die Ausbreitung von Licht in diesen Materialien.	(S (PPER Sie) (VVFIN beeinflussen) (PROAV deshalb) (NP (ART die) (NN Ausbreitung) (PP (APPR von) (NN Licht)) (PP (APPR in) (PDAT diesen) (NN Materialien)))) ($. .)	8	p2
4	Fällt eine Lichtwelle auf diese Struktur, so wird ein Teil der Wellenamplitude an den Grenzflächen der periodischen Struktur reflektiert.	(AVP (S (VVFIN Fällt) (NP (ART eine) (NN Lichtwelle)) (PP (APPR auf) (PDAT diese) (NN Struktur)))) ($, ,) (S (ADV so) (VAFIN wird) (NP (ART ein) (NN Teil) (NP (ART der) (NN Wellenamplitude))) (VP (PP (APPR an) (ART den) (NN Grenzflächen) (NP (ART der) (ADJA periodischen) (NN Struktur))) (VVPP reflektiert))) ($. .)	8	p2
5	Ist die Periode der Struktur ein π-vielfaches der Wellenlänge, überlagern sich die reflektierten Anteile phasenrichtig und addieren sich deshalb.	(S (VAFIN Ist) (NP (ART die) (NN Periode) (NP (ART der) (NN Struktur))) (NP (ART ein) (PIS π-vielfaches) (NP (ART der) (NN Wellenlänge)))) ($, ,) (CS (S (VVFIN überlagern) (PRF sich) (NP (ART die) (ADJA reflektierten) (NN Anteile)) (ADJD phasenrichtig)) (KON und) (S (VVFIN addieren) (PRF sich) (PROAV deshalb))) ($. .)	8	p2
6	Das Reflexionsvermögen des Kristalls wird erhöht.	(S (NP (ART Das) (NN Reflexionsvermögen) (NP (ART des) (NN Kristalls))) (VAFIN wird) (VVPP erhöht)) ($. .)	8	p2
7	Ist die Periode der Struktur ein ungeradzahlig π-vielfaches der halben Wellenlänge, sind die Phasen der reflektierten Wellen gegeneinander verschoben und die reflektierten Anteile löschen sich teilweise oder ganz aus.	(S (VAFIN Ist) (NP (ART die) (NN Periode) (NP (ART der) (NN Struktur))) (NP (ART ein) (ADJD ungeradzahlig) (NN π-vielfaches) (NP (ART der) (ADJA halben) (NN Wellenlänge)))) ($, ,) (CS (S (VAFIN sind) (NP (ART die) (NN Phasen) (NP (ART der) (ADJA reflektierten) (NN Wellen))) (VP (ADV gegeneinander) (VVPP verschoben))) (KON und) (S (NP (ART die) (ADJA reflektierten) (NN Anteile)) (VVFIN löschen) (PRF sich) (CAVP (ADV teilweise) (KON oder) (ADV ganz)) (PTKVZ aus))) ($. .)	8	p2
1	Eine chlorophyllhaltige Parenchymzelle in einem Angiospermenblatt exportiert organisches Material in Form von Saccharose aus der Zelle und versorgt damit selbst in der Nacht alle chlorophyllfreien Zellen der Pflanze.	(CS (S (NP (ART Eine) (ADJA chlorophyllhaltige) (NN Parenchymzelle) (PP (APPR in) (ART einem) (NN Angiospermenblatt))) (VVFIN exportiert) (NP (ADJA organisches) (NN Material)) (PP (APPR in) (NN Form) (PP (APPR von) (NN Saccharose))) (PP (APPR aus) (ART der) (NN Zelle))) (KON und) (S (VVFIN versorgt) (PROAV damit) (PP (ADV selbst) (APPR in) (ART der) (NN Nacht)) (NP (PIAT alle) (ADJA chlorophyllfreien) (NN Zellen) (NP (ART der) (NN Pflanze))))) ($. .)	4	b4
2	Das Prinzip ist einfach:	(S (NP (ART Das) (NN Prinzip)) (VAFIN ist) (ADJD einfach)) ($. :)	4	b4
3	Am Tag speichert der Chloroplast die gebildete und überschüssige Glucose aus der Photosynthese als Stärke;	(S (PP (APPRART Am) (NN Tag)) (VVFIN speichert) (NP (ART der) (NN Chloroplast)) (NP (ART die) (CAP (ADJA gebildete) (KON und) (ADJA überschüssige)) (NN Glucose) (PP (APPR aus) (ART der) (NN Photosynthese))) (PP (APPR als) (NN Stärke))) ($. ;)	4	b4
4	in der Nacht kommt es zu einer Stoffentnahme aus diesem Speicher.	(S (PP (APPR in) (ART der) (NN Nacht)) (VVFIN kommt) (PPER es) (PP (APPR zu) (ART einer) (NN Stoffentnahme) (PP (APPR aus) (PDAT diesem) (NN Speicher)))) ($. .)	4	b4
5	Die Zelle kann auf diese Weise Tag und Nacht einen Export gewährleisten.	(S (NP (ART Die) (NN Zelle)) (VMFIN kann) (PP (APPR auf) (PDAT diese) (NN Weise)) (VP (CNP (NN Tag) (KON und) (NN Nacht)) (NP (ART einen) (NN Export)) (VVINF gewährleisten))) ($. .)	4	b4
6	Saccharose ist ein Dimer und wirkt nicht reduzierend, sie wird in der Pflanze vor allem als leicht verfügbarer Speicherstoff verwendet.	(CS (CS (S (NN Saccharose) (VAFIN ist) (NP (ART ein) (NN Dimer))) (KON und) (S (VVFIN wirkt) (PTKNEG nicht) (ADJD reduzierend)))) ($, ,) (S (PPER sie) (VAFIN wird) (VP (PP (APPR in) (ART der) (NN Pflanze)) (PP (PP (APPR vor) (PIS allem)) (APPR als) (AP (ADJD leicht) (ADJA verfügbarer)) (NN Speicherstoff)) (VVPP verwendet))) ($. .)	4	b4
7	Stärke ist ein großes Polymer aus Glucose, wirkt ebenfalls nicht reduzierend und ist hauptsächlich in Speicherorganen zu finden.	(CS (S (NN Stärke) (VAFIN ist) (NP (ART ein) (ADJA großes) (NN Polymer) (PP (APPR aus) (NN Glucose))))) ($, ,) (S (VVFIN wirkt) (ADV ebenfalls) (PTKNEG nicht) (ADJD reduzierend)) (KON und) (S (VAFIN ist) (VP (PP (ADJD hauptsächlich) (APPR in) (NN Speicherorganen)) (VZ (PTKZU zu) (VVINF finden)))) ($. .)	4	b4
8	Das am häufigsten in der Biosphäre vorkommende Kohlenhydrat ist unbestritten die Cellulose.	(S (NP (ART Das) (AP (AA (PTKA am) (ADJD häufigsten)) (PP (APPR in) (ART der) (NN Biosphäre)) (ADJA vorkommende)) (NN Kohlenhydrat)) (VAFIN ist) (ADJD unbestritten) (NP (ART die) (NN Cellulose))) ($. .)	4	b4
9	Sie ist ein lineares Polymer aus β-D-Glucose und liegt hauptsächlich extrazellulär vor.	(CS (S (PPER Sie) (VAFIN ist) (NP (ART ein) (ADJA lineares) (NN Polymer) (PP (APPR aus) (NN β-D-Glucose)))) (KON und) (S (VVFIN liegt) (ADJD hauptsächlich) (ADJD extrazellulär) (PTKVZ vor))) ($. .)	4	b4
10	"Dieses Molekül wird durch membranständige Cellulose-Synthasekomplexe synthetisiert, die in der Membran zirkulieren und in gewisser Weise die Cellulose-Mikrofibrillen ""weben"", die die extrazelluläre Matrix der Pflanzenzellen ausmachen."	"(S (NP (PDAT Dieses) (NN Molekül)) (VAFIN wird) (VP (APPR durch) (ADJA membranständige) (NN Cellulose-Synthasekomplexe) (VVPP synthetisiert))) ($, ,) (PP (CS (S (PRELS die) (PP (APPR in) (ART der) (NN Membran)) (VVFIN zirkulieren)) (KON und) (PP (APPR in) (ADJA gewisser) (NN Weise)) (ART die) (NN Cellulose-Mikrofibrillen))) ($LRB "") (S (VVFIN weben)) ($LRB "") ($, ,) (NP (S (PRELS die) (NP (ART die) (ADJA extrazelluläre) (NN Matrix) (NP (ART der) (NN Pflanzenzellen))) (VVFIN ausmachen))) ($. .)"	4	b4
1	Motormoleküle sind Enzyme, welche die Energie aus der Hydrolyse von ATP in mechanische Energie umwandeln.	(S (NN Motormoleküle) (VAFIN sind) (NN Enzyme)) ($, ,) (NP (S (PRELS welche) (NP (ART die) (NN Energie) (PP (APPR aus) (ART der) (NN Hydrolyse) (PP (APPR von) (NN ATP)))) (PP (APPR in) (ADJA mechanische) (NN Energie)) (VVFIN umwandeln))) ($. .)	3	b3
2	"Dabei induzieren sie eine Konformationsänderung, die einen Transport auf den ""Gleisen"" ermöglicht."	"(S (PROAV Dabei) (VVFIN induzieren) (PPER sie) (ART eine) (NN Konformationsänderung)) ($, ,) (PRELS die) (ART einen) (NN Transport) (APPR auf) (ART den) ($LRB "") (NP (PP (NN Gleisen))) ($LRB "") (NP (S (VVFIN ermöglicht))) ($. .)"	3	b3
3	"Die ""Gleise"" können Mikrotubuli oder Aktinfilamente sein."	"(ART Die) ($LRB "") (NP (NN Gleise)) ($LRB "") (S (VMFIN können) (VP (CNP (NN Mikrotubuli) (KON oder) (NN Aktinfilamente)) (VAINF sein))) ($. .)"	3	b3
4	Aktinbindende Motorproteine sind die Myosine, von denen in Eukaryoten siebzehn Familien vorkommen.	(S (NP (ADJA Aktinbindende) (NN Motorproteine)) (VAFIN sind) (ART die) (NN Myosine)) ($, ,) (NP (S (PP (APPR von) (PRELS denen)) (PP (APPR in) (NE Eukaryoten)) (NP (CARD siebzehn) (NN Familien)) (VVFIN vorkommen))) ($. .)	3	b3
5	Eine schwere Kette ist an der Ausbildung einer Schwanz- und einer Kopfregion beteiligt, welche die Motordomäne bildet.	(S (NP (ART Eine) (ADJA schwere) (NN Kette)) (VAFIN ist) (VP (PP (APPR an) (ART der) (NN Ausbildung) (CNP (NP (ART einer) (TRUNC Schwanz-)) (KON und) (ART einer) (NN Kopfregion))) (VVPP beteiligt))) ($, ,) (NP (S (PRELS welche) (NP (ART die) (NN Motordomäne)) (VVFIN bildet))) ($. .)	3	b3
6	Der Kopf besitzt eine Aktin- und eine ATP-Bindungsstelle.	(S (NP (ART Der) (NN Kopf)) (VVFIN besitzt) (CNP (NP (ART eine) (TRUNC Aktin-)) (KON und) (NP (ART eine) (NN ATP-Bindungsstelle)))) ($. .)	3	b3
7	Im Übergangsbereich von Kopf zu Schwanz können unterschiedliche leichte Ketten binden und auf diese Weise an der Regulation von Myosin mitwirken.	(S (PP (APPRART Im) (NN Übergangsbereich) (PP (PP (APPR von) (NN Kopf)) (PP (APPR zu) (NN Schwanz)))) (VMFIN können) (ADJA unterschiedliche) (CVP (VP (NP (ADJA leichte) (NN Ketten)) (VVINF binden)) (KON und) (VP (PP (APPR auf) (PDAT diese) (NN Weise)) (PP (APPR an) (ART der) (NN Regulation) (PP (APPR von) (NN Myosin))) (VVINF mitwirken)))) ($. .)	3	b3
8	In den nicht muskulären Zellen beispielsweise registriert eine Calmodulinkette die Anwesenheit von Calciumionen und ermöglicht die Bindung von Myosin an Aktin.	(CS (S (PP (APPR In) (ART den) (AP (PTKNEG nicht) (ADJA muskulären)) (NN Zellen) (ADV beispielsweise)) (VVFIN registriert) (NP (ART eine) (NN Calmodulinkette)) (NP (ART die) (NN Anwesenheit) (PP (APPR von) (NN Calciumionen)))) (KON und) (S (VVFIN ermöglicht) (NP (ART die) (NN Bindung) (PP (APPR von) (NN Myosin)) (PP (APPR an) (NN Aktin))))) ($. .)	3	b3
9	Je nach Klasse kann der Schwanz an Vesikel anlagern, um sie entlang des Aktinfilaments zu ziehen.	(S (PP (ADV Je) (APPR nach) (NN Klasse)) (VMFIN kann) (NP (ART der) (NN Schwanz)) (VP (PP (APPR an) (NN Vesikel)) (VVINF anlagern))) ($, ,) (VP (KOUI um) (PPER sie) (PP (APPR entlang) (ART des) (NN Aktinfilaments)) (VZ (PTKZU zu) (VVINF ziehen))) ($. .)	3	b3
10	Alle Myosine bis auf Myosin VI bewegen sich zum +Ende des Aktinfilaments.	(S (NP (PIAT Alle) (NN Myosine) (PP (APPR bis) (APPR auf) (NN Myosin) (CARD VI))) (VVFIN bewegen) (PRF sich) (PP (APPRART zum) ($LRB +) (PP (NN Ende) (NP (ART des) (NN Aktinfilaments))))) ($. .)	3	b3
11	Myosin II ist ein Dimer, es hat zwei Köpfe und kann mit seinem Schwanz an ein bipolares Filament binden.	(CS (S (PN (NE Myosin) (CARD II)) (VAFIN ist) (NP (ART ein) (NN Dimer)))) ($, ,) (S (PPER es) (VAFIN hat) (NP (CARD zwei) (NN Köpfe))) (KON und) (S (VMFIN kann) (VP (PP (APPR mit) (PPOSAT seinem) (NN Schwanz)) (PP (APPR an) (ART ein) (ADJA bipolares) (NN Filament)) (VVINF binden))) ($. .)	3	b3
12	Es ist im kontraktilen Apparat der Muskelzellen zu finden, aber auch in anderen Zellen, wo es am Kontraktionsmechanismus beteiligt ist.	(S (PPER Es) (VAFIN ist) (VP (CPP (PP (APPRART im) (ADJA kontraktilen) (NN Apparat) (NP (ART der) (NN Muskelzellen)))) (VZ (PTKZU zu) (VVINF finden)))) ($, ,) (KON aber) (ADV auch) (APPR in) (ADJA anderen) (NN Zellen) ($, ,) (PP (S (PWAV wo) (PPER es) (VP (PP (APPRART am) (NN Kontraktionsmechanismus)) (VVPP beteiligt)) (VAFIN ist))) ($. .)	3	b3
1	Wenn ein ruhendes Atom ein Photon absorbiert, so nimmt es bei der Absorption den Photonenimpuls auf und erfährt deshalb einen Rückstoßimpuls, der zu einer kinetischen Rückstoßenergie führt.	(AVP (S (KOUS Wenn) (NP (ART ein) (ADJA ruhendes) (NN Atom)) (NP (ART ein) (NN Photon)) (VVFIN absorbiert))) ($, ,) (CS (S (ADV so) (VVFIN nimmt) (PPER es) (PP (APPR bei) (ART der) (NN Absorption)) (NP (ART den) (NN Photonenimpuls)) (PTKVZ auf)) (KON und) (S (VVFIN erfährt) (PROAV deshalb) (ART einen) (NN Rückstoßimpuls))) ($, ,) (NP (S (PRELS der) (PP (APPR zu) (ART einer) (ADJA kinetischen) (NN Rückstoßenergie)) (VVFIN führt))) ($. .)	7	p1
2	Die Photonenenergie wird dabei zum einen als Rückstoßenergie und zum anderen als Anregungsenergie auf das Atom übertragen.	(S (NP (ART Die) (NN Photonenenergie)) (VAFIN wird) (VP (PROAV dabei) (CPP (PP (PP (APPRART zum) (PIS einen)) (APPR als) (NN Rückstoßenergie)) (KON und) (PP (PP (APPRART zum) (PIS anderen)) (APPR als) (NN Anregungsenergie) (PP (APPR auf) (ART das) (NN Atom)))) (VVPP übertragen))) ($. .)	7	p1
3	Die Frequenz der Anregung unterscheidet sich also von der des Photons um einen gewissen Betrag.	(S (NP (ART Die) (NN Frequenz) (NP (ART der) (NN Anregung))) (VVFIN unterscheidet) (PRF sich) (ADV also) (PP (APPR von) (PDS der) (NP (ART des) (NN Photons))) (PP (APPR um) (ART einen) (ADJA gewissen) (NN Betrag))) ($. .)	7	p1
4	Auch bei der Emission eines Photons erfährt das Atom einen Rückstoß.	(S (PP (ADV Auch) (APPR bei) (ART der) (NN Emission) (NP (ART eines) (NN Photons))) (VVFIN erfährt) (NP (ART das) (NN Atom)) (NP (ART einen) (NN Rückstoß))) ($. .)	7	p1
5	Die dabei erzeugte Rückstoßenergie fehlt dem emittierten Photon, so dass dessen Wellenlänge ebenfalls von jener der Anregung verschieden ist.	(S (NP (ART Die) (AP (PROAV dabei) (ADJA erzeugte)) (NN Rückstoßenergie)) (VVFIN fehlt) (NP (ART dem) (ADJA emittierten) (NN Photon))) ($, ,) (S (ADV so) (KOUS dass) (NP (PDS dessen) (NN Wellenlänge)) (ADV ebenfalls) (AP (PP (APPR von) (PDS jener) (NP (ART der) (NN Anregung))) (ADJD verschieden)) (VAFIN ist)) ($. .)	7	p1
6	Atome, die sich nur in ihrem Impuls unterscheiden, können also Photonen mit unterschiedlicher Frequenz absorbieren bzw. emittieren.	(NN Atome) ($, ,) (NP (S (PRELS die) (PRF sich) (PP (ADV nur) (APPR in) (PPOSAT ihrem) (NN Impuls)) (VVFIN unterscheiden))) ($, ,) (S (VMFIN können) (ADV also) (CVP (VP (NP (NN Photonen) (PP (APPR mit) (ADJA unterschiedlicher) (NN Frequenz))) (VVINF absorbieren)) (KON bzw.) (VP (VVINF emittieren)))) ($. .)	7	p1
7	Befindet sich ein Atom in einem Kristallgitter, überträgt sich der Rückstoß auf dieses und die Energie von absorbiertem und emittiertem Photon entsprechen in etwa der Anregungsenergie.	(S (VVFIN Befindet) (PRF sich) (NP (ART ein) (NN Atom)) (PP (APPR in) (ART einem) (NN Kristallgitter))) ($, ,) (S (VVFIN überträgt) (PRF sich) (CNP (NP (ART der) (NN Rückstoß) (PP (APPR auf) (PDS dieses))) (KON und) (NP (ART die) (NN Energie) (PP (APPR von) (CAP (ADJA absorbiertem) (KON und) (ADJA emittiertem)) (NN Photon)))) (VVINF entsprechen) (NP (PP (APPR in) (ADV etwa)) (ART der) (NN Anregungsenergie))) ($. .)	7	p1
8	Dies wird in der Mößbauerspektroskopie benutzt, um mit Hilfe der Dopplerverschiebung der Emissionslinien etwa Hyperfeinstrukturenaufspaltungen in einer Probe zu analysieren.	(S (PDS Dies) (VAFIN wird) (VP (PP (APPR in) (ART der) (NN Mößbauerspektroskopie)) (VVPP benutzt))) ($, ,) (VP (KOUI um) (PP (APPR mit) (NN Hilfe) (NP (ART der) (NN Dopplerverschiebung) (NP (ART der) (NN Emissionslinien)))) (NP (ADV etwa) (NN Hyperfeinstrukturenaufspaltungen) (PP (APPR in) (ART einer) (NN Probe))) (VZ (PTKZU zu) (VVINF analysieren))) ($. .)	7	p1
1	Ein Prion ist ein infektiöses Protein, das von einem endogenen, zellulären Protein abstammt und dessen Primärstruktur besitzt, sich aber in Sekundär-, Tertiär- und Quartärstrukturen von diesem unterscheidet.	(S (NP (ART Ein) (NN Prion)) (VAFIN ist) (ART ein) (ADJA infektiöses) (NN Protein)) ($, ,) (PRELS das) (APPR von) (ART einem) (CAP (ADJA endogenen)) ($, ,) (NP (CS (S (PP (ADJA zellulären) (NN Protein)) (VVFIN abstammt)) (KON und) (S (NP (PRELAT dessen) (NN Primärstruktur)) (VVFIN besitzt)))) ($, ,) (PRF sich) (ADV aber) (PP (APPR in) (CNP (TRUNC Sekundär-))) ($, ,) (S (TRUNC Tertiär-) (KON und) (NN Quartärstrukturen) (PP (APPR von) (PDS diesem)) (VVFIN unterscheidet)) ($. .)	5	b5
2	Seine strukturellen Eigenschaften verleihen dem Prion die Fähigkeit, sich durch Autokatalyse von einem Wildtypprotein zum Prionenprotein umzuwandeln.	(S (NP (PPOSAT Seine) (ADJA strukturellen) (NN Eigenschaften)) (VVFIN verleihen) (NP (ART dem) (NN Prion)) (ART die) (NN Fähigkeit)) ($, ,) (NP (VP (PRF sich) (PP (APPR durch) (NN Autokatalyse)) (PP (APPR von) (ART einem) (NN Wildtypprotein)) (PP (APPRART zum) (NN Prionenprotein)) (VVIZU umzuwandeln))) ($. .)	5	b5
3	Dieses Ereignis kann spontan oder durch die Aufnahme eines anderen Prions erfolgen.	(S (NP (PDAT Dieses) (NN Ereignis)) (VMFIN kann) (VP (CO (ADJD spontan) (KON oder) (PP (APPR durch) (ART die) (NN Aufnahme) (NP (ART eines) (ADJA anderen) (NN Prions)))) (VVINF erfolgen))) ($. .)	5	b5
4	Die Ausbildung amyloider Fasern und der infektiöse Charakter sind eng miteinander verknüpft.	(S (CNP (NP (ART Die) (NN Ausbildung) (NP (ADJA amyloider) (NN Fasern))) (KON und) (NP (ART der) (ADJA infektiöse) (NN Charakter))) (VAFIN sind) (VP (ADJD eng) (ADV miteinander) (VVPP verknüpft))) ($. .)	5	b5
5	Der Begriff Amyloid ist allgemein gehalten und umfasst Proteinaggregate, die auf eine besondere physikalisch-chemische Weise angeordnet sind: eine Fadenform, in der zum Großteil β-Faltblattstrukturen zu finden sind und in der eine Doppelbrechung von polarisiertem Licht nach Färbung mit Kongorot auftritt.	(S (NP (ART Der) (NN Begriff) (NN Amyloid)) (VAFIN ist) (VP (ADJD allgemein) (VVPP gehalten))) (KON und) (S (VVFIN umfasst) (NN Proteinaggregate))) ($, ,) (S (PRELS die) (VP (PP (APPR auf) (ART eine) (ADJA besondere) (ADJA physikalisch-chemische) (NN Weise)) (VVPP angeordnet)) (VAFIN sind)) ($. :) 	5	b5
7	Das Prion bringt keine genetische Veränderung mit sich, denn das verantwortliche Gen führt weiterhin zur Expression von Proteinen mit normaler Primärstruktur.	(CS (S (NP (ART Das) (NN Prion)) (VVFIN bringt) (NP (PIAT keine) (ADJA genetische) (NN Veränderung)) (PP (APPR mit) (PRF sich)))) ($, ,) (KON denn) (S (NP (ART das) (ADJA verantwortliche) (NN Gen)) (VVFIN führt) (ADV weiterhin) (PP (APPRART zur) (NN Expression) (PP (APPR von) (NN Proteinen) (PP (APPR mit) (ADJA normaler) (NN Primärstruktur))))) ($. .)	5	b5
8	Die Prionenform vermehrt sich somit über die Umwandlung vom Wildtypprotein zum amyloiden Typ.	(S (NP (ART Die) (NN Prionenform)) (VVFIN vermehrt) (PRF sich) (ADV somit) (PP (APPR über) (ART die) (NN Umwandlung) (PP (APPRART vom) (NN Wildtypprotein)) (PP (APPRART zum) (ADJA amyloiden) (NN Typ)))) ($. .)	5	b5
9	Eine Deletion des codierenden Gens des zellulären Proteins würde somit eine Prioneninfektion verhindern.	(S (NP (ART Eine) (NN Deletion) (NP (ART des) (ADJA codierenden) (NN Gens) (NP (ART des) (ADJA zellulären) (NN Proteins)))) (VAFIN würde) (VP (ADV somit) (NP (ART eine) (NN Prioneninfektion)) (VVINF verhindern))) ($. .)	5	b5
1	Das Ziel der holografischen Interferometrie ist es, Veränderungen an Objekten durch Belastungen, thermische Ausdehnung, Schwingungen usw. qualitativ und quantitativ zu erfassen.	(S (NP (ART Das) (NN Ziel) (NP (ART der) (ADJA holografischen) (NN Interferometrie))) (VAFIN ist) (NP (PPER es))) ($, ,) (NP (NN Veränderungen) (PP (APPR an) (NN Objekten)) (PP (APPR durch) (CNP (NN Belastungen)))) ($, ,) (NP (ADJA thermische) (NN Ausdehnung)) ($, ,) (VP (NN Schwingungen) (ADV usw.) (CAP (ADJD qualitativ) (KON und) (ADJD quantitativ)) (VZ (PTKZU zu) (VVINF erfassen))) ($. .)	10	p4
2	Beim Echtzeitverfahren der holografischen Interferometrie wird von einem Objekt in Ruhe ein Hologramm aufgenommen.	(S (PP (APPRART Beim) (NN Echtzeitverfahren) (NP (ART der) (ADJA holografischen) (NN Interferometrie))) (VAFIN wird) (PP (APPR von) (ART einem) (NN Objekt)) (PP (APPR in) (NN Ruhe)) (NP (ART ein) (NN Hologramm)) (VP (VVPP aufgenommen))) ($. .)	10	p4
3	Die Hologrammplatte wird dann, ohne sie zu bewegen, am festen Ort der Aufnahme entwickelt und mit der Referenzwelle beleuchtet, sodass ein Hologrammbild erzeugt wird.	(S (NP (ART Die) (NN Hologrammplatte)) (VAFIN wird) (ADV dann)) ($, ,) (VP (KOUI ohne) (PPER sie) (VZ (PTKZU zu) (VVINF bewegen))) ($, ,) (CVP (VP (PP (APPRART am) (ADJA festen) (NN Ort) (NP (ART der) (NN Aufnahme))) (VVPP entwickelt)) (KON und) (VP (PP (APPR mit) (ART der) (NN Referenzwelle)) (VVPP beleuchtet))) ($, ,) (S (KOUS sodass) (NP (ART ein) (NN Hologrammbild)) (VVPP erzeugt) (VAFIN wird)) ($. .)	10	p4
4	Nimmt man am Objekt nur sehr kleine Änderungen vor und beleuchtet es am gleichen Ort wieder genau wie bei der ersten Aufnahme, so werden sich diese Änderungen in Phasenverschiebungen der Signalwelle äußern.	(AVP (S (S (VVFIN Nimmt) (PIS man) (PP (APPRART am) (NN Objekt)) (NP (AP (ADV nur) (ADV sehr) (ADJA kleine)) (NN Änderungen)) (PTKVZ vor)) (KON und) (S (VVFIN beleuchtet) (PPER es) (PP (APPRART am) (ADJA gleichen) (NN Ort)) (ADV wieder) (PP (ADJD genau) (PP (KOKOM wie) (APPR bei) (ART der) (ADJA ersten) (NN Aufnahme)))))) ($, ,) (S (ADV so) (VAFIN werden) (PRF sich) (NP (PDAT diese) (NN Änderungen)) (VP (PP (APPR in) (NN Phasenverschiebungen) (NP (ART der) (NN Signalwelle))) (VVINF äußern))) ($. .)	10	p4
5	Die Überlagerung dieser Signalwelle vom veränderten Objekt mit der Rekonstruktionswelle vom Hologramm des unveränderten Objektes führt zu Interferenzstrukturen im holografischen Bild, die nur für diejenigen Teile des Objektes auftreten, die sich verändert haben.	(S (NP (ART Die) (NN Überlagerung) (NP (PDAT dieser) (NN Signalwelle)) (PP (APPRART vom) (ADJA veränderten) (NN Objekt)) (PP (APPR mit) (ART der) (NN Rekonstruktionswelle) (PP (APPRART vom) (NN Hologramm) (NP (ART des) (ADJA unveränderten) (NN Objektes))))) (VVFIN führt) (APPR zu) (NN Interferenzstrukturen) (PP (APPRART im) (ADJA holografischen) (NN Bild))) ($, ,) (PP (S (PRELS die) (ADV nur) (APPR für) (PDAT diejenigen) (NN Teile) (NP (ART des) (NN Objektes)) (VVFIN auftreten))) ($, ,) (PP (S (PRELS die) (VP (PRF sich) (VVPP verändert)) (VAFIN haben))) ($. .)	10	p4
6	Auf diese Weise kann man Gestaltsänderungen feststellen, die wesentlich kleiner als eine Wellenlänge des beleuchtenden Lichtes sind.	(S (PP (APPR Auf) (PDAT diese) (NN Weise)) (VMFIN kann) (PIS man) (VP (NN Gestaltsänderungen) (VVINF feststellen))) ($, ,) (NP (S (PRELS die) (AP (ADJD wesentlich) (ADJD kleiner) (NP (KOKOM als) (ART eine) (NN Wellenlänge) (NP (ART des) (ADJA beleuchtenden) (NN Lichtes)))) (VAFIN sind))) ($. .)	10	p4
1	Durch Einführen der effektiven Masse können Elektronen im Leitungsband und Löcher im Valenzband eines Kristalles wie freie Teilchen aufgefasst werden und bewegen sich am Energieminimum im Leitungsband und am Energiemaximum im Valenzband auf Parabeln.	(CS (S (PP (APPR Durch) (NN Einführen) (NP (ART der) (ADJA effektiven) (NN Masse))) (VMFIN können) (NN Elektronen) (PP (PP (APPRART im) (NN Leitungsband)) (KON und) (NP (NN Löcher) (PP (APPRART im) (NN Valenzband) (NP (ART eines) (NN Kristalles))))) (VP (VP (NP (KOKOM wie) (ADJA freie) (NN Teilchen)) (VVPP aufgefasst)) (VAINF werden))) (KON und) (S (VVFIN bewegen) (PRF sich) (CPP (PP (APPRART am) (NN Energieminimum) (PP (APPRART im) (NN Leitungsband))) (KON und) (PP (APPRART am) (NN Energiemaximum) (PP (APPRART im) (NN Valenzband)))) (PP (APPR auf) (NN Parabeln)))) ($. .)	11	p5
2	Da die effektive Masse im oberen Teil des Valenzbandes negativ ist, wird die Energieparabel der Löcher nach unten gekrümmt.	(S (KOUS Da) (NP (ART die) (ADJA effektive) (NN Masse) (PP (APPRART im) (ADJA oberen) (NN Teil) (NP (ART des) (NN Valenzbandes)))) (ADJD negativ) (VAFIN ist)) ($, ,) (S (VAFIN wird) (NP (ART die) (NN Energieparabel) (NP (ART der) (NN Löcher))) (VP (PP (APPR nach) (ADV unten)) (VVPP gekrümmt))) ($. .)	11	p5
3	Daraus ergeben sich zwischen den Parabeln die so genannten Standardbänder.	(S (PROAV Daraus) (VVFIN ergeben) (PRF sich) (PP (APPR zwischen) (ART den) (NN Parabeln)) (NP (ART die) (AP (ADV so) (ADJA genannten)) (NN Standardbänder))) ($. .)	11	p5
4	Bei der Absorption eines Photons kann ein Elektron aus dem Valenzband in das Leitungsband angeregt werden.	(S (PP (APPR Bei) (ART der) (NN Absorption) (NP (ART eines) (NN Photons))) (VMFIN kann) (NP (ART ein) (NN Elektron)) (VP (VP (PP (APPR aus) (ART dem) (NN Valenzband)) (PP (APPR in) (ART das) (NN Leitungsband)) (VVPP angeregt)) (VAINF werden))) ($. .)	11	p5
5	Weil der Wellenvektor des Photons sehr klein ist, wird die Wahrscheinlichkeit für einen solchen Übergang viel größer, wenn der Wellenvektor des Elektrons dabei erhalten bleibt, als wenn wegen der Impulserhaltung beim Übergang zusätzlich ein Phonon angeregt werden muss.	(S (KOUS Weil) (NP (ART der) (NN Wellenvektor) (NP (ART des) (NN Photons))) (AP (ADV sehr) (ADJD klein)) (VAFIN ist)) ($, ,) (S (VAFIN wird) (NP (ART die) (NN Wahrscheinlichkeit) (PP (APPR für) (ART einen) (PIAT solchen) (NN Übergang))) (AP (ADV viel) (ADJD größer))) ($, ,) (S (KOUS wenn) (NP (ART der) (NN Wellenvektor) (NP (ART des) (NN Elektrons))) (VP (PROAV dabei) (VVPP erhalten)) (VVFIN bleibt)) ($, ,) (S (KOKOM als) (KOUS wenn) (PP (APPR wegen) (ART der) (NN Impulserhaltung) (PP (APPRART beim) (NN Übergang))) (ADJD zusätzlich) (NP (ART ein) (NN Phonon)) (VP (VP (VVPP angeregt)) (VAINF werden)) (VMFIN muss)) ($. .)	11	p5
6	Liegt das Minimum der Elektronenparabel im Valenzband senkrecht über dem Maximum der Löcherparabel, so sind senkrechte Übergänge bereits ab Photonenenergien in der Größe der Bandlücke möglich.	(AVP (S (VVFIN Liegt) (NP (ART das) (NN Minimum) (NP (ART der) (NN Elektronenparabel))) (PP (APPRART im) (NN Valenzband)) (PP (ADJD senkrecht) (APPR über) (ART dem) (NN Maximum) (NP (ART der) (NN Löcherparabel))))) ($, ,) (S (ADV so) (VAFIN sind) (ADJA senkrechte) (NN Übergänge) (PP (ADV bereits) (APPR ab) (NN Photonenenergien) (PP (APPR in) (ART der) (NN Größe) (NP (ART der) (NN Bandlücke)))) (ADJD möglich)) ($. .)	11	p5
7	Sind die Extrema gegeneinander verschoben, so sind direkte Übergänge nur bei höheren Photonenenergien möglich und indirekte Übergänge mit wesentlich kleinerer Absorptionswahrscheinlichkeit sind die einzige Möglichkeit für Photonenabsorption.	(AVP (S (VAFIN Sind) (NP (ART die) (NN Extrema)) (VP (ADV gegeneinander) (VVPP verschoben)))) ($, ,) (CS (S (ADV so) (VAFIN sind) (NP (ADJA direkte) (NN Übergänge)) (PP (ADV nur) (APPR bei) (ADJA höheren) (NN Photonenenergien)) (ADJD möglich)) (KON und) (S (NP (ADJA indirekte) (NN Übergänge) (PP (APPR mit) (AP (ADJD wesentlich) (ADJA kleinerer)) (NN Absorptionswahrscheinlichkeit))) (VAFIN sind) (NP (ART die) (ADJA einzige) (NN Möglichkeit) (PP (APPR für) (NN Photonenabsorption))))) ($. .)	11	p5
6	eine Fadenform, in der zum Großteil β-Faltblattstrukturen zu finden sind und in der eine Doppelbrechung von polarisiertem Licht nach Färbung mit Kongorot auftritt.	(S (ART eine) (NN Fadenform) ($, ,) (NP (NP (CS (S (PP (APPR in) (PRELS der)) (PP (APPRART zum) (NN Großteil)) (NN β-Faltblattstrukturen) (VP (VZ (PTKZU zu) (VVINF finden))) (VAFIN sind)) (KON und)) (S (PP (APPR in) (PRELS der)) (NP (ART eine) (NN Doppelbrechung) (PP (APPR von) (ADJA polarisiertem) (NN Licht)) (PP (APPR nach) (NN Färbung)) (PP (APPR mit) (NN Kongorot))) (VVFIN auftritt)))))($. .)	5	b5