reader_id	reader_discipline	reader_discipline_numeric	level_of_studies	level_of_studies_numeric	text_id	text_domain	expert_reading_label	expert_reading_label_numeric	acc_tq_1	acc_tq_2	acc_tq_3	acc_bq_1	acc_bq_2	acc_bq_3	mean_acc_tq	mean_acc_bq
0	physics	1	graduate	1	b0	biology	non-expert-reading	0	1.0	1.0	0.0	0.0	0.0	1.0	0.6666666666666666	0.3333333333333333
0	physics	1	graduate	1	p5	physics	expert-reading	1	1.0	1.0	1.0	0.0	0.0	0.0	1.0	0.0
0	physics	1	graduate	1	p4	physics	expert-reading	1	1.0	1.0	0.0	1.0	0.0	0.0	0.6666666666666666	0.3333333333333333
0	physics	1	graduate	1	p3	physics	expert-reading	1	1.0	1.0	1.0	1.0	0.0	0.0	1.0	0.3333333333333333
0	physics	1	graduate	1	p1	physics	expert-reading	1	1.0	1.0	1.0	1.0	1.0	0.0	1.0	0.6666666666666666
0	physics	1	graduate	1	p0	physics	expert-reading	1	0.0	1.0	1.0	0.0	0.0	0.0	0.6666666666666666	0.0
0	physics	1	graduate	1	p2	physics	expert-reading	1	0.0	1.0	1.0	1.0	0.0	0.0	0.6666666666666666	0.3333333333333333
0	physics	1	graduate	1	b4	biology	non-expert-reading	0	0.0	0.0	1.0	0.0	0.0	1.0	0.3333333333333333	0.3333333333333333
0	physics	1	graduate	1	b3	biology	non-expert-reading	0	1.0	0.0	1.0	0.0	1.0	1.0	0.6666666666666666	0.6666666666666666
0	physics	1	graduate	1	b2	biology	non-expert-reading	0	1.0	1.0	1.0	0.0	1.0	0.0	1.0	0.3333333333333333
0	physics	1	graduate	1	b1	biology	non-expert-reading	0	1.0	1.0	1.0	0.0	1.0	1.0	1.0	0.6666666666666666
0	physics	1	graduate	1	b5	biology	non-expert-reading	0	1.0	1.0	1.0	0.0	1.0	0.0	1.0	0.3333333333333333
1	physics	1	graduate	1	p3	physics	expert-reading	1	1.0	1.0	1.0	1.0	0.0	1.0	1.0	0.6666666666666666
1	physics	1	graduate	1	b0	biology	non-expert-reading	0	0.0	1.0	0.0	0.0	0.0	1.0	0.3333333333333333	0.3333333333333333
1	physics	1	graduate	1	p5	physics	expert-reading	1								
1	physics	1	graduate	1	p4	physics	expert-reading	1	1.0	1.0	0.0	0.0	0.0	0.0	0.6666666666666666	0.0
1	physics	1	graduate	1	p1	physics	expert-reading	1	1.0	1.0	0.0	1.0	1.0	0.0	0.6666666666666666	0.6666666666666666
1	physics	1	graduate	1	p2	physics	expert-reading	1	1.0	1.0	1.0	0.0	1.0	1.0	1.0	0.6666666666666666
1	physics	1	graduate	1	b5	biology	non-expert-reading	0	0.0	1.0	0.0	0.0	0.0	0.0	0.3333333333333333	0.0
1	physics	1	graduate	1	b1	biology	non-expert-reading	0	1.0	1.0	0.0	0.0	1.0	0.0	0.6666666666666666	0.3333333333333333
1	physics	1	graduate	1	b4	biology	non-expert-reading	0	0.0	1.0	1.0	1.0	0.0	1.0	0.6666666666666666	0.6666666666666666
1	physics	1	graduate	1	b3	biology	non-expert-reading	0	0.0	0.0	1.0	1.0	1.0	1.0	0.3333333333333333	1.0
1	physics	1	graduate	1	b2	biology	non-expert-reading	0	1.0	1.0	1.0	0.0	1.0	0.0	1.0	0.3333333333333333
1	physics	1	graduate	1	p0	physics	expert-reading	1	1.0	1.0	0.0	1.0	0.0	0.0	0.6666666666666666	0.3333333333333333
2	physics	1	graduate	1	p5	physics	expert-reading	1	1.0	1.0	1.0	0.0	0.0	0.0	1.0	0.0
2	physics	1	graduate	1	p4	physics	expert-reading	1	1.0	1.0	1.0	1.0	0.0	0.0	1.0	0.3333333333333333
2	physics	1	graduate	1	p3	physics	expert-reading	1	1.0	1.0	0.0	0.0	0.0	1.0	0.6666666666666666	0.3333333333333333
2	physics	1	graduate	1	p2	physics	expert-reading	1	1.0	1.0	1.0	0.0	0.0	0.0	1.0	0.0
2	physics	1	graduate	1	p1	physics	expert-reading	1	0.0	1.0	1.0	1.0	1.0	0.0	0.6666666666666666	0.6666666666666666
2	physics	1	graduate	1	b5	biology	non-expert-reading	0	1.0	0.0	1.0	1.0	1.0	0.0	0.6666666666666666	0.6666666666666666
2	physics	1	graduate	1	b4	biology	non-expert-reading	0	0.0	1.0	1.0	1.0	0.0	0.0	0.6666666666666666	0.3333333333333333
2	physics	1	graduate	1	b3	biology	non-expert-reading	0	0.0	1.0	0.0	0.0	0.0	1.0	0.3333333333333333	0.3333333333333333
2	physics	1	graduate	1	b2	biology	non-expert-reading	0	1.0	1.0	1.0	1.0	1.0	0.0	1.0	0.6666666666666666
2	physics	1	graduate	1	b1	biology	non-expert-reading	0	1.0	0.0	1.0	1.0	0.0	1.0	0.6666666666666666	0.6666666666666666
2	physics	1	graduate	1	b0	biology	non-expert-reading	0	1.0	1.0	0.0	1.0	0.0	0.0	0.6666666666666666	0.3333333333333333
2	physics	1	graduate	1	p0	physics	expert-reading	1	1.0	0.0	1.0	1.0	1.0	0.0	0.6666666666666666	0.6666666666666666
3	physics	1	graduate	1	b2	biology	non-expert-reading	0	1.0	1.0	1.0	1.0	1.0	1.0	1.0	1.0
3	physics	1	graduate	1	b0	biology	non-expert-reading	0	1.0	1.0	0.0	1.0	0.0	1.0	0.6666666666666666	0.6666666666666666
3	physics	1	graduate	1	b1	biology	non-expert-reading	0	0.0	0.0	1.0	0.0	0.0	0.0	0.3333333333333333	0.0
3	physics	1	graduate	1	b3	biology	non-expert-reading	0	1.0	0.0	0.0	0.0	0.0	1.0	0.3333333333333333	0.3333333333333333
3	physics	1	graduate	1	p3	physics	expert-reading	1	1.0	1.0	0.0	1.0	0.0	0.0	0.6666666666666666	0.3333333333333333
3	physics	1	graduate	1	b5	biology	non-expert-reading	0	1.0	1.0	1.0	0.0	1.0	0.0	1.0	0.3333333333333333
3	physics	1	graduate	1	p0	physics	expert-reading	1	1.0	1.0	1.0	0.0	0.0	0.0	1.0	0.0
3	physics	1	graduate	1	p1	physics	expert-reading	1	1.0	0.0	1.0	1.0	1.0	1.0	0.6666666666666666	1.0
3	physics	1	graduate	1	p2	physics	expert-reading	1	1.0	1.0	1.0	1.0	1.0	1.0	1.0	1.0
3	physics	1	graduate	1	p4	physics	expert-reading	1	1.0	0.0	0.0	1.0	0.0	1.0	0.3333333333333333	0.6666666666666666
3	physics	1	graduate	1	p5	physics	expert-reading	1	1.0	1.0	1.0	0.0	1.0	1.0	1.0	0.6666666666666666
3	physics	1	graduate	1	b4	biology	non-expert-reading	0	0.0	1.0	1.0	1.0	0.0	1.0	0.6666666666666666	0.6666666666666666
4	physics	1	graduate	1	p5	physics	expert-reading	1	1.0	1.0	1.0	1.0	0.0	0.0	1.0	0.3333333333333333
4	physics	1	graduate	1	p4	physics	expert-reading	1	1.0	1.0	1.0	1.0	0.0	0.0	1.0	0.3333333333333333
4	physics	1	graduate	1	p3	physics	expert-reading	1	1.0	1.0	1.0	0.0	0.0	1.0	1.0	0.3333333333333333
4	physics	1	graduate	1	p1	physics	expert-reading	1	1.0	1.0	1.0	1.0	1.0	0.0	1.0	0.6666666666666666
4	physics	1	graduate	1	p0	physics	expert-reading	1	1.0	0.0	1.0	1.0	0.0	0.0	0.6666666666666666	0.3333333333333333
4	physics	1	graduate	1	p2	physics	expert-reading	1	0.0	0.0	1.0	0.0	0.0	0.0	0.3333333333333333	0.0
4	physics	1	graduate	1	b4	biology	non-expert-reading	0	0.0	1.0	1.0	0.0	0.0	0.0	0.6666666666666666	0.0
4	physics	1	graduate	1	b3	biology	non-expert-reading	0	1.0	1.0	1.0	1.0	1.0	1.0	1.0	1.0
4	physics	1	graduate	1	b2	biology	non-expert-reading	0	1.0	1.0	1.0	1.0	1.0	0.0	1.0	0.6666666666666666
4	physics	1	graduate	1	b1	biology	non-expert-reading	0	1.0	1.0	1.0	0.0	1.0	1.0	1.0	0.6666666666666666
4	physics	1	graduate	1	b0	biology	non-expert-reading	0	1.0	1.0	0.0	1.0	0.0	0.0	0.6666666666666666	0.3333333333333333
4	physics	1	graduate	1	b5	biology	non-expert-reading	0	1.0	0.0	1.0	0.0	0.0	0.0	0.6666666666666666	0.0
5	physics	1	graduate	1	p2	physics	expert-reading	1	1.0	0.0	0.0	0.0	0.0	1.0	0.3333333333333333	0.3333333333333333
5	physics	1	graduate	1	p1	physics	expert-reading	1	0.0	0.0	0.0	1.0	1.0	0.0	0.0	0.6666666666666666
5	physics	1	graduate	1	p0	physics	expert-reading	1	0.0	1.0	0.0	1.0	0.0	1.0	0.3333333333333333	0.6666666666666666
5	physics	1	graduate	1	b5	biology	non-expert-reading	0	0.0	1.0	0.0	0.0	0.0	0.0	0.3333333333333333	0.0
5	physics	1	graduate	1	b2	biology	non-expert-reading	0	0.0	1.0	0.0	0.0	1.0	0.0	0.3333333333333333	0.3333333333333333
5	physics	1	graduate	1	b3	biology	non-expert-reading	0	1.0	1.0	1.0	0.0	0.0	0.0	1.0	0.0
5	physics	1	graduate	1	b1	biology	non-expert-reading	0	1.0	0.0	0.0	0.0	1.0	1.0	0.3333333333333333	0.6666666666666666
5	physics	1	graduate	1	b0	biology	non-expert-reading	0	0.0	0.0	0.0	0.0	0.0	0.0	0.0	0.0
5	physics	1	graduate	1	p3	physics	expert-reading	1	0.0	0.0	0.0	0.0	1.0	1.0	0.0	0.6666666666666666
5	physics	1	graduate	1	b4	biology	non-expert-reading	0	0.0	1.0	0.0	0.0	0.0	1.0	0.3333333333333333	0.3333333333333333
5	physics	1	graduate	1	p5	physics	expert-reading	1	1.0	0.0	1.0	0.0	0.0	0.0	0.6666666666666666	0.0
5	physics	1	graduate	1	p4	physics	expert-reading	1	1.0	1.0	0.0	0.0	0.0	0.0	0.6666666666666666	0.0
6	physics	1	graduate	1	b0	biology	non-expert-reading	0	1.0	1.0	0.0	0.0	1.0	1.0	0.6666666666666666	0.6666666666666666
6	physics	1	graduate	1	b3	biology	non-expert-reading	0	0.0	1.0	1.0	1.0	0.0	1.0	0.6666666666666666	0.6666666666666666
6	physics	1	graduate	1	b4	biology	non-expert-reading	0	1.0	1.0	1.0	0.0	0.0	0.0	1.0	0.0
6	physics	1	graduate	1	b5	biology	non-expert-reading	0	1.0	1.0	0.0	0.0	0.0	0.0	0.6666666666666666	0.0
6	physics	1	graduate	1	p0	physics	expert-reading	1	1.0	1.0	0.0	0.0	0.0	0.0	0.6666666666666666	0.0
6	physics	1	graduate	1	b1	biology	non-expert-reading	0	1.0	0.0	1.0	0.0	1.0	0.0	0.6666666666666666	0.3333333333333333
6	physics	1	graduate	1	p1	physics	expert-reading	1	0.0	1.0	0.0	1.0	0.0	0.0	0.3333333333333333	0.3333333333333333
6	physics	1	graduate	1	p2	physics	expert-reading	1	0.0	1.0	0.0	1.0	1.0	0.0	0.3333333333333333	0.6666666666666666
6	physics	1	graduate	1	p3	physics	expert-reading	1	1.0	1.0	1.0	0.0	0.0	1.0	1.0	0.3333333333333333
6	physics	1	graduate	1	p4	physics	expert-reading	1	1.0	0.0	0.0	1.0	1.0	0.0	0.3333333333333333	0.6666666666666666
6	physics	1	graduate	1	p5	physics	expert-reading	1	1.0	0.0	1.0	0.0	0.0	0.0	0.6666666666666666	0.0
6	physics	1	graduate	1	b2	biology	non-expert-reading	0	1.0	1.0	1.0	1.0	0.0	1.0	1.0	0.6666666666666666
7	physics	1	graduate	1	b0	biology	non-expert-reading	0	0.0	1.0	0.0	1.0	0.0	0.0	0.3333333333333333	0.3333333333333333
7	physics	1	graduate	1	b2	biology	non-expert-reading	0	1.0	1.0	1.0	1.0	1.0	1.0	1.0	1.0
7	physics	1	graduate	1	b3	biology	non-expert-reading	0	0.0	1.0	1.0	1.0	1.0	1.0	0.6666666666666666	1.0
7	physics	1	graduate	1	b4	biology	non-expert-reading	0	0.0	1.0	1.0	0.0	0.0	1.0	0.6666666666666666	0.3333333333333333
7	physics	1	graduate	1	b5	biology	non-expert-reading	0	1.0	0.0	0.0	1.0	0.0	0.0	0.3333333333333333	0.3333333333333333
7	physics	1	graduate	1	p0	physics	expert-reading	1	1.0	1.0	1.0	0.0	1.0	1.0	1.0	0.6666666666666666
7	physics	1	graduate	1	p1	physics	expert-reading	1	1.0	1.0	1.0	1.0	1.0	0.0	1.0	0.6666666666666666
7	physics	1	graduate	1	p2	physics	expert-reading	1	0.0	0.0	1.0	1.0	1.0	0.0	0.3333333333333333	0.6666666666666666
7	physics	1	graduate	1	p3	physics	expert-reading	1	1.0	1.0	0.0	1.0	1.0	1.0	0.6666666666666666	1.0
7	physics	1	graduate	1	p4	physics	expert-reading	1	1.0	0.0	0.0	1.0	1.0	1.0	0.3333333333333333	1.0
7	physics	1	graduate	1	b1	biology	non-expert-reading	0	0.0	1.0	1.0	0.0	0.0	1.0	0.6666666666666666	0.3333333333333333
7	physics	1	graduate	1	p5	physics	expert-reading	1	1.0	0.0	1.0	0.0	1.0	1.0	0.6666666666666666	0.6666666666666666
8	physics	1	graduate	1	b0	biology	non-expert-reading	0	0.0	1.0	0.0	0.0	0.0	0.0	0.3333333333333333	0.0
8	physics	1	graduate	1	b5	biology	non-expert-reading	0	1.0	1.0	0.0	1.0	0.0	1.0	0.6666666666666666	0.6666666666666666
8	physics	1	graduate	1	b2	biology	non-expert-reading	0	1.0	1.0	1.0	0.0	0.0	1.0	1.0	0.3333333333333333
8	physics	1	graduate	1	b3	biology	non-expert-reading	0	1.0	1.0	0.0	1.0	0.0	1.0	0.6666666666666666	0.6666666666666666
8	physics	1	graduate	1	b4	biology	non-expert-reading	0	1.0	0.0	1.0	1.0	0.0	1.0	0.6666666666666666	0.6666666666666666
8	physics	1	graduate	1	p0	physics	expert-reading	1	1.0	1.0	0.0	1.0	0.0	1.0	0.6666666666666666	0.6666666666666666
8	physics	1	graduate	1	p1	physics	expert-reading	1	0.0	1.0	0.0	0.0	0.0	0.0	0.3333333333333333	0.0
8	physics	1	graduate	1	p2	physics	expert-reading	1	0.0	1.0	1.0	0.0	1.0	0.0	0.6666666666666666	0.3333333333333333
8	physics	1	graduate	1	p3	physics	expert-reading	1	1.0	0.0	1.0	0.0	1.0	1.0	0.6666666666666666	0.6666666666666666
8	physics	1	graduate	1	p4	physics	expert-reading	1	1.0	1.0	1.0	1.0	0.0	0.0	1.0	0.3333333333333333
8	physics	1	graduate	1	b1	biology	non-expert-reading	0	1.0	0.0	1.0	0.0	0.0	1.0	0.6666666666666666	0.3333333333333333
8	physics	1	graduate	1	p5	physics	expert-reading	1	0.0	0.0	1.0	0.0	0.0	0.0	0.3333333333333333	0.0
10	physics	1	graduate	1	b1	biology	non-expert-reading	0	0.0	1.0	0.0	0.0	1.0	0.0	0.3333333333333333	0.3333333333333333
10	physics	1	graduate	1	b2	biology	non-expert-reading	0	0.0	0.0	1.0	0.0	1.0	0.0	0.3333333333333333	0.3333333333333333
10	physics	1	graduate	1	b3	biology	non-expert-reading	0	0.0	1.0	1.0	1.0	0.0	1.0	0.6666666666666666	0.6666666666666666
10	physics	1	graduate	1	b4	biology	non-expert-reading	0	0.0	0.0	1.0	1.0	0.0	1.0	0.3333333333333333	0.6666666666666666
10	physics	1	graduate	1	b5	biology	non-expert-reading	0	0.0	1.0	1.0	1.0	1.0	0.0	0.6666666666666666	0.6666666666666666
10	physics	1	graduate	1	p0	physics	expert-reading	1	0.0	1.0	1.0	0.0	0.0	0.0	0.6666666666666666	0.0
10	physics	1	graduate	1	p4	physics	expert-reading	1	1.0	1.0	1.0	1.0	0.0	0.0	1.0	0.3333333333333333
10	physics	1	graduate	1	p1	physics	expert-reading	1	0.0	1.0	1.0	1.0	0.0	0.0	0.6666666666666666	0.3333333333333333
10	physics	1	graduate	1	p2	physics	expert-reading	1	1.0	1.0	1.0	0.0	1.0	1.0	1.0	0.6666666666666666
10	physics	1	graduate	1	p3	physics	expert-reading	1	1.0	1.0	0.0	0.0	1.0	1.0	0.6666666666666666	0.6666666666666666
10	physics	1	graduate	1	b0	biology	non-expert-reading	0	0.0	0.0	0.0	0.0	1.0	0.0	0.0	0.3333333333333333
10	physics	1	graduate	1	p5	physics	expert-reading	1	1.0	1.0	1.0	0.0	0.0	0.0	1.0	0.0
12	physics	1	graduate	1	b1	biology	non-expert-reading	0	1.0	1.0	1.0	0.0	1.0	1.0	1.0	0.6666666666666666
12	physics	1	graduate	1	p4	physics	expert-reading	1	1.0	1.0	0.0	1.0	0.0	0.0	0.6666666666666666	0.3333333333333333
12	physics	1	graduate	1	p3	physics	expert-reading	1	1.0	0.0	1.0	1.0	0.0	1.0	0.6666666666666666	0.6666666666666666
12	physics	1	graduate	1	p2	physics	expert-reading	1	0.0	1.0	0.0	0.0	0.0	0.0	0.3333333333333333	0.0
12	physics	1	graduate	1	p1	physics	expert-reading	1	1.0	0.0	1.0	1.0	1.0	0.0	0.6666666666666666	0.6666666666666666
12	physics	1	graduate	1	p0	physics	expert-reading	1	1.0	0.0	0.0	1.0	1.0	1.0	0.3333333333333333	1.0
12	physics	1	graduate	1	b5	biology	non-expert-reading	0	1.0	1.0	0.0	0.0	0.0	0.0	0.6666666666666666	0.0
12	physics	1	graduate	1	b4	biology	non-expert-reading	0	0.0	0.0	0.0	0.0	0.0	0.0	0.0	0.0
12	physics	1	graduate	1	b3	biology	non-expert-reading	0	0.0	1.0	1.0	0.0	0.0	0.0	0.6666666666666666	0.0
12	physics	1	graduate	1	b2	biology	non-expert-reading	0	1.0	1.0	1.0	0.0	1.0	0.0	1.0	0.3333333333333333
12	physics	1	graduate	1	p5	physics	expert-reading	1	1.0	0.0	1.0	0.0	0.0	0.0	0.6666666666666666	0.0
12	physics	1	graduate	1	b0	biology	non-expert-reading	0	0.0	0.0	0.0	0.0	1.0	1.0	0.0	0.6666666666666666
13	physics	1	graduate	1	p5	physics	expert-reading	1	1.0	0.0	1.0	0.0	0.0	0.0	0.6666666666666666	0.0
13	physics	1	graduate	1	p4	physics	expert-reading	1	1.0	1.0	0.0	0.0	0.0	1.0	0.6666666666666666	0.3333333333333333
13	physics	1	graduate	1	b0	biology	non-expert-reading	0	1.0	1.0	0.0	0.0	0.0	0.0	0.6666666666666666	0.0
13	physics	1	graduate	1	b1	biology	non-expert-reading	0	0.0	0.0	1.0	1.0	1.0	0.0	0.3333333333333333	0.6666666666666666
13	physics	1	graduate	1	b2	biology	non-expert-reading	0	1.0	1.0	1.0	0.0	1.0	1.0	1.0	0.6666666666666666
13	physics	1	graduate	1	b3	biology	non-expert-reading	0	0.0	1.0	1.0	0.0	0.0	1.0	0.6666666666666666	0.3333333333333333
13	physics	1	graduate	1	b4	biology	non-expert-reading	0	0.0	1.0	0.0	1.0	0.0	0.0	0.3333333333333333	0.3333333333333333
13	physics	1	graduate	1	b5	biology	non-expert-reading	0	1.0	1.0	1.0	0.0	0.0	0.0	1.0	0.0
13	physics	1	graduate	1	p0	physics	expert-reading	1	0.0	0.0	1.0	1.0	0.0	0.0	0.3333333333333333	0.3333333333333333
13	physics	1	graduate	1	p1	physics	expert-reading	1	0.0	1.0	1.0	1.0	0.0	0.0	0.6666666666666666	0.3333333333333333
13	physics	1	graduate	1	p2	physics	expert-reading	1	1.0	0.0	0.0	0.0	0.0	1.0	0.3333333333333333	0.3333333333333333
13	physics	1	graduate	1	p3	physics	expert-reading	1	1.0	1.0	1.0	0.0	0.0	1.0	1.0	0.3333333333333333
14	physics	1	graduate	1	b1	biology	non-expert-reading	0	1.0	1.0	1.0	0.0	0.0	0.0	1.0	0.0
14	physics	1	graduate	1	b2	biology	non-expert-reading	0	0.0	0.0	1.0	0.0	0.0	0.0	0.3333333333333333	0.0
14	physics	1	graduate	1	b3	biology	non-expert-reading	0	1.0	1.0	1.0	0.0	0.0	0.0	1.0	0.0
14	physics	1	graduate	1	p5	physics	expert-reading	1	1.0	1.0	1.0	0.0	0.0	0.0	1.0	0.0
14	physics	1	graduate	1	b5	biology	non-expert-reading	0	1.0	1.0	0.0	0.0	0.0	0.0	0.6666666666666666	0.0
14	physics	1	graduate	1	b4	biology	non-expert-reading	0	0.0	0.0	1.0	1.0	1.0	0.0	0.3333333333333333	0.6666666666666666
14	physics	1	graduate	1	p1	physics	expert-reading	1	0.0	1.0	1.0	0.0	1.0	0.0	0.6666666666666666	0.3333333333333333
14	physics	1	graduate	1	p2	physics	expert-reading	1	0.0	0.0	1.0	1.0	0.0	0.0	0.3333333333333333	0.3333333333333333
14	physics	1	graduate	1	p3	physics	expert-reading	1	1.0	1.0	0.0	0.0	0.0	1.0	0.6666666666666666	0.3333333333333333
14	physics	1	graduate	1	b0	biology	non-expert-reading	0	1.0	1.0	0.0	0.0	0.0	1.0	0.6666666666666666	0.3333333333333333
14	physics	1	graduate	1	p0	physics	expert-reading	1	1.0	1.0	1.0	1.0	0.0	0.0	1.0	0.3333333333333333
14	physics	1	graduate	1	p4	physics	expert-reading	1	1.0	0.0	0.0	1.0	0.0	0.0	0.3333333333333333	0.3333333333333333
15	physics	1	graduate	1	b1	biology	non-expert-reading	0	1.0	0.0	0.0	0.0	0.0	0.0	0.3333333333333333	0.0
15	physics	1	graduate	1	p4	physics	expert-reading	1	1.0	1.0	0.0	0.0	0.0	0.0	0.6666666666666666	0.0
15	physics	1	graduate	1	p3	physics	expert-reading	1	0.0	1.0	1.0	1.0	0.0	0.0	0.6666666666666666	0.3333333333333333
15	physics	1	graduate	1	p2	physics	expert-reading	1	1.0	1.0	0.0	0.0	0.0	0.0	0.6666666666666666	0.0
15	physics	1	graduate	1	p1	physics	expert-reading	1	0.0	0.0	0.0	0.0	0.0	0.0	0.0	0.0
15	physics	1	graduate	1	p0	physics	expert-reading	1	0.0	1.0	1.0	0.0	0.0	0.0	0.6666666666666666	0.0
15	physics	1	graduate	1	b5	biology	non-expert-reading	0	0.0	0.0	0.0	0.0	0.0	0.0	0.0	0.0
15	physics	1	graduate	1	b4	biology	non-expert-reading	0	0.0	0.0	0.0	1.0	1.0	0.0	0.0	0.6666666666666666
15	physics	1	graduate	1	b3	biology	non-expert-reading	0	0.0	0.0	0.0	0.0	0.0	0.0	0.0	0.0
15	physics	1	graduate	1	b2	biology	non-expert-reading	0	1.0	1.0	1.0	0.0	1.0	0.0	1.0	0.3333333333333333
15	physics	1	graduate	1	p5	physics	expert-reading	1	1.0	0.0	0.0	1.0	0.0	0.0	0.3333333333333333	0.3333333333333333
15	physics	1	graduate	1	b0	biology	non-expert-reading	0	0.0	0.0	0.0	0.0	0.0	0.0	0.0	0.0
16	physics	1	graduate	1	b5	biology	non-expert-reading	0	0.0	0.0	0.0	0.0	0.0	0.0	0.0	0.0
16	physics	1	graduate	1	p5	physics	expert-reading	1	1.0	0.0	1.0	0.0	0.0	1.0	0.6666666666666666	0.3333333333333333
16	physics	1	graduate	1	b0	biology	non-expert-reading	0	0.0	0.0	0.0	0.0	1.0	1.0	0.0	0.6666666666666666
16	physics	1	graduate	1	b1	biology	non-expert-reading	0	0.0	0.0	0.0	0.0	0.0	0.0	0.0	0.0
16	physics	1	graduate	1	b2	biology	non-expert-reading	0	1.0	1.0	1.0	1.0	1.0	1.0	1.0	1.0
16	physics	1	graduate	1	b3	biology	non-expert-reading	0	1.0	1.0	1.0	1.0	0.0	1.0	1.0	0.6666666666666666
16	physics	1	graduate	1	b4	biology	non-expert-reading	0	0.0	1.0	1.0	0.0	0.0	0.0	0.6666666666666666	0.0
16	physics	1	graduate	1	p0	physics	expert-reading	1	0.0	1.0	1.0	1.0	0.0	0.0	0.6666666666666666	0.3333333333333333
16	physics	1	graduate	1	p1	physics	expert-reading	1	1.0	1.0	1.0	1.0	0.0	0.0	1.0	0.3333333333333333
16	physics	1	graduate	1	p2	physics	expert-reading	1	1.0	1.0	1.0	1.0	1.0	1.0	1.0	1.0
16	physics	1	graduate	1	p3	physics	expert-reading	1	1.0	1.0	1.0	0.0	0.0	0.0	1.0	0.0
16	physics	1	graduate	1	p4	physics	expert-reading	1	1.0	0.0	0.0	1.0	0.0	1.0	0.3333333333333333	0.6666666666666666
17	physics	1	graduate	1	p3	physics	expert-reading	1	1.0	1.0	1.0	1.0	1.0	1.0	1.0	1.0
17	physics	1	graduate	1	p2	physics	expert-reading	1	1.0	1.0	1.0	0.0	0.0	1.0	1.0	0.3333333333333333
17	physics	1	graduate	1	p1	physics	expert-reading	1	0.0	1.0	0.0	1.0	1.0	1.0	0.3333333333333333	1.0
17	physics	1	graduate	1	p0	physics	expert-reading	1	1.0	0.0	0.0	0.0	0.0	0.0	0.3333333333333333	0.0
17	physics	1	graduate	1	b4	biology	non-expert-reading	0	0.0	0.0	1.0	0.0	0.0	0.0	0.3333333333333333	0.0
17	physics	1	graduate	1	b5	biology	non-expert-reading	0	1.0	0.0	0.0	0.0	0.0	0.0	0.3333333333333333	0.0
17	physics	1	graduate	1	b2	biology	non-expert-reading	0	1.0	1.0	1.0	1.0	1.0	0.0	1.0	0.6666666666666666
17	physics	1	graduate	1	b1	biology	non-expert-reading	0	0.0	1.0	0.0	0.0	0.0	1.0	0.3333333333333333	0.3333333333333333
17	physics	1	graduate	1	b0	biology	non-expert-reading	0	0.0	0.0	0.0	0.0	0.0	0.0	0.0	0.0
17	physics	1	graduate	1	p4	physics	expert-reading	1	1.0	0.0	0.0	1.0	1.0	0.0	0.3333333333333333	0.6666666666666666
17	physics	1	graduate	1	b3	biology	non-expert-reading	0	0.0	1.0	1.0	0.0	1.0	0.0	0.6666666666666666	0.3333333333333333
17	physics	1	graduate	1	p5	physics	expert-reading	1	1.0	0.0	1.0	1.0	0.0	0.0	0.6666666666666666	0.3333333333333333
18	physics	1	graduate	1	b0	biology	non-expert-reading	0	1.0	1.0	1.0	0.0	1.0	1.0	1.0	0.6666666666666666
18	physics	1	graduate	1	b1	biology	non-expert-reading	0	1.0	1.0	1.0	0.0	1.0	1.0	1.0	0.6666666666666666
18	physics	1	graduate	1	b2	biology	non-expert-reading	0	1.0	1.0	1.0	0.0	1.0	1.0	1.0	0.6666666666666666
18	physics	1	graduate	1	p3	physics	expert-reading	1	1.0	1.0	0.0	1.0	1.0	1.0	0.6666666666666666	1.0
18	physics	1	graduate	1	p2	physics	expert-reading	1	1.0	0.0	1.0	1.0	0.0	1.0	0.6666666666666666	0.6666666666666666
18	physics	1	graduate	1	p1	physics	expert-reading	1	0.0	1.0	1.0	1.0	1.0	1.0	0.6666666666666666	1.0
18	physics	1	graduate	1	p0	physics	expert-reading	1	1.0	1.0	1.0	1.0	0.0	1.0	1.0	0.6666666666666666
18	physics	1	graduate	1	b5	biology	non-expert-reading	0	1.0	1.0	1.0	0.0	1.0	0.0	1.0	0.3333333333333333
18	physics	1	graduate	1	b4	biology	non-expert-reading	0	1.0	1.0	1.0	1.0	0.0	1.0	1.0	0.6666666666666666
18	physics	1	graduate	1	b3	biology	non-expert-reading	0	1.0	1.0	1.0	1.0	1.0	1.0	1.0	1.0
18	physics	1	graduate	1	p4	physics	expert-reading	1	1.0	0.0	0.0	1.0	0.0	0.0	0.3333333333333333	0.3333333333333333
18	physics	1	graduate	1	p5	physics	expert-reading	1	1.0	1.0	1.0	0.0	1.0	0.0	1.0	0.3333333333333333
19	physics	1	graduate	1	b2	biology	non-expert-reading	0	1.0	1.0	1.0	0.0	1.0	0.0	1.0	0.3333333333333333
19	physics	1	graduate	1	b3	biology	non-expert-reading	0	1.0	1.0	0.0	0.0	0.0	0.0	0.6666666666666666	0.0
19	physics	1	graduate	1	b4	biology	non-expert-reading	0	0.0	1.0	1.0	0.0	0.0	1.0	0.6666666666666666	0.3333333333333333
19	physics	1	graduate	1	b5	biology	non-expert-reading	0	1.0	1.0	1.0	0.0	0.0	0.0	1.0	0.0
19	physics	1	graduate	1	p0	physics	expert-reading	1	0.0	1.0	1.0	0.0	0.0	0.0	0.6666666666666666	0.0
19	physics	1	graduate	1	b0	biology	non-expert-reading	0	0.0	1.0	0.0	0.0	1.0	0.0	0.3333333333333333	0.3333333333333333
19	physics	1	graduate	1	p5	physics	expert-reading	1	1.0	1.0	1.0	0.0	0.0	0.0	1.0	0.0
19	physics	1	graduate	1	p1	physics	expert-reading	1	0.0	1.0	0.0	1.0	0.0	0.0	0.3333333333333333	0.3333333333333333
19	physics	1	graduate	1	p2	physics	expert-reading	1	1.0	0.0	1.0	1.0	0.0	1.0	0.6666666666666666	0.6666666666666666
19	physics	1	graduate	1	p3	physics	expert-reading	1	1.0	1.0	1.0	1.0	0.0	0.0	1.0	0.3333333333333333
19	physics	1	graduate	1	b1	biology	non-expert-reading	0	1.0	1.0	1.0	0.0	0.0	1.0	1.0	0.3333333333333333
19	physics	1	graduate	1	p4	physics	expert-reading	1	1.0	1.0	1.0	1.0	0.0	1.0	1.0	0.6666666666666666
20	physics	1	graduate	1	p0	physics	expert-reading	1	1.0	1.0	0.0	1.0	0.0	0.0	0.6666666666666666	0.3333333333333333
20	physics	1	graduate	1	p4	physics	expert-reading	1	1.0	0.0	0.0	0.0	1.0	0.0	0.3333333333333333	0.3333333333333333
20	physics	1	graduate	1	p3	physics	expert-reading	1	1.0	1.0	1.0	0.0	0.0	1.0	1.0	0.3333333333333333
20	physics	1	graduate	1	p2	physics	expert-reading	1	0.0	1.0	1.0	0.0	0.0	0.0	0.6666666666666666	0.0
20	physics	1	graduate	1	p1	physics	expert-reading	1	0.0	0.0	0.0	1.0	0.0	1.0	0.0	0.6666666666666666
20	physics	1	graduate	1	b4	biology	non-expert-reading	0	1.0	1.0	1.0	1.0	0.0	1.0	1.0	0.6666666666666666
20	physics	1	graduate	1	b3	biology	non-expert-reading	0	0.0	0.0	0.0	1.0	0.0	0.0	0.0	0.3333333333333333
20	physics	1	graduate	1	b2	biology	non-expert-reading	0	1.0	1.0	1.0	0.0	0.0	0.0	1.0	0.0
20	physics	1	graduate	1	b1	biology	non-expert-reading	0	0.0	0.0	0.0	0.0	1.0	1.0	0.0	0.6666666666666666
20	physics	1	graduate	1	b0	biology	non-expert-reading	0	0.0	0.0	0.0	0.0	0.0	0.0	0.0	0.0
20	physics	1	graduate	1	p5	physics	expert-reading	1	1.0	0.0	1.0	0.0	0.0	1.0	0.6666666666666666	0.3333333333333333
20	physics	1	graduate	1	b5	biology	non-expert-reading	0	1.0	1.0	0.0	0.0	1.0	1.0	0.6666666666666666	0.6666666666666666
22	physics	1	undergraduate	0	p5	physics	non-expert-reading	0	0.0	0.0	1.0	0.0	1.0	0.0	0.3333333333333333	0.3333333333333333
22	physics	1	undergraduate	0	p3	physics	non-expert-reading	0	1.0	1.0	1.0	0.0	0.0	1.0	1.0	0.3333333333333333
22	physics	1	undergraduate	0	p4	physics	non-expert-reading	0	1.0	0.0	0.0	1.0	0.0	0.0	0.3333333333333333	0.3333333333333333
22	physics	1	undergraduate	0	p2	physics	non-expert-reading	0	0.0	1.0	1.0	1.0	0.0	0.0	0.6666666666666666	0.3333333333333333
22	physics	1	undergraduate	0	p1	physics	non-expert-reading	0	0.0	0.0	1.0	0.0	1.0	1.0	0.3333333333333333	0.6666666666666666
22	physics	1	undergraduate	0	p0	physics	non-expert-reading	0	1.0	1.0	1.0	1.0	1.0	0.0	1.0	0.6666666666666666
22	physics	1	undergraduate	0	b5	biology	non-expert-reading	0	1.0	1.0	0.0	1.0	0.0	0.0	0.6666666666666666	0.3333333333333333
22	physics	1	undergraduate	0	b4	biology	non-expert-reading	0	1.0	1.0	1.0	0.0	0.0	0.0	1.0	0.0
22	physics	1	undergraduate	0	b3	biology	non-expert-reading	0	1.0	0.0	1.0	1.0	0.0	1.0	0.6666666666666666	0.6666666666666666
22	physics	1	undergraduate	0	b2	biology	non-expert-reading	0	1.0	1.0	1.0	1.0	1.0	1.0	1.0	1.0
22	physics	1	undergraduate	0	b1	biology	non-expert-reading	0	1.0	1.0	0.0	0.0	0.0	1.0	0.6666666666666666	0.3333333333333333
22	physics	1	undergraduate	0	b0	biology	non-expert-reading	0	0.0	1.0	1.0	0.0	0.0	0.0	0.6666666666666666	0.0
23	physics	1	graduate	1	b1	biology	non-expert-reading	0	1.0	0.0	1.0	0.0	0.0	1.0	0.6666666666666666	0.3333333333333333
23	physics	1	graduate	1	b0	biology	non-expert-reading	0	1.0	1.0	0.0	0.0	0.0	0.0	0.6666666666666666	0.0
23	physics	1	graduate	1	p4	physics	expert-reading	1	1.0	0.0	0.0	1.0	1.0	0.0	0.3333333333333333	0.6666666666666666
23	physics	1	graduate	1	p3	physics	expert-reading	1	1.0	1.0	1.0	0.0	0.0	1.0	1.0	0.3333333333333333
23	physics	1	graduate	1	p2	physics	expert-reading	1	1.0	1.0	1.0	1.0	0.0	1.0	1.0	0.6666666666666666
23	physics	1	graduate	1	p1	physics	expert-reading	1	0.0	1.0	1.0	0.0	0.0	0.0	0.6666666666666666	0.0
23	physics	1	graduate	1	p0	physics	expert-reading	1	1.0	1.0	1.0	0.0	0.0	1.0	1.0	0.3333333333333333
23	physics	1	graduate	1	b5	biology	non-expert-reading	0	1.0	1.0	0.0	0.0	0.0	0.0	0.6666666666666666	0.0
23	physics	1	graduate	1	b4	biology	non-expert-reading	0	0.0	1.0	1.0	0.0	1.0	1.0	0.6666666666666666	0.6666666666666666
23	physics	1	graduate	1	p5	physics	expert-reading	1	1.0	1.0	1.0	0.0	0.0	0.0	1.0	0.0
23	physics	1	graduate	1	b3	biology	non-expert-reading	0	1.0	1.0	1.0	1.0	1.0	1.0	1.0	1.0
23	physics	1	graduate	1	b2	biology	non-expert-reading	0	1.0	1.0	1.0	0.0	1.0	0.0	1.0	0.3333333333333333
30	physics	1	undergraduate	0	p5	physics	non-expert-reading	0	1.0	1.0	1.0	0.0	0.0	0.0	1.0	0.0
30	physics	1	undergraduate	0	p4	physics	non-expert-reading	0	0.0	0.0	1.0	0.0	0.0	0.0	0.3333333333333333	0.0
30	physics	1	undergraduate	0	p3	physics	non-expert-reading	0	1.0	0.0	1.0	0.0	0.0	0.0	0.6666666666666666	0.0
30	physics	1	undergraduate	0	p2	physics	non-expert-reading	0	0.0	0.0	1.0	1.0	0.0	0.0	0.3333333333333333	0.3333333333333333
30	physics	1	undergraduate	0	p1	physics	non-expert-reading	0	0.0	0.0	0.0	0.0	0.0	0.0	0.0	0.0
30	physics	1	undergraduate	0	p0	physics	non-expert-reading	0	0.0	0.0	0.0	0.0	0.0	0.0	0.0	0.0
30	physics	1	undergraduate	0	b3	biology	non-expert-reading	0	1.0	0.0	0.0	1.0	1.0	1.0	0.3333333333333333	1.0
30	physics	1	undergraduate	0	b4	biology	non-expert-reading	0	0.0	0.0	1.0	1.0	1.0	1.0	0.3333333333333333	1.0
30	physics	1	undergraduate	0	b2	biology	non-expert-reading	0	1.0	1.0	1.0	0.0	1.0	1.0	1.0	0.6666666666666666
30	physics	1	undergraduate	0	b1	biology	non-expert-reading	0	0.0	1.0	1.0	0.0	0.0	0.0	0.6666666666666666	0.0
30	physics	1	undergraduate	0	b0	biology	non-expert-reading	0	0.0	0.0	0.0	1.0	0.0	0.0	0.0	0.3333333333333333
30	physics	1	undergraduate	0	b5	biology	non-expert-reading	0	1.0	1.0	0.0	0.0	1.0	0.0	0.6666666666666666	0.3333333333333333
31	physics	1	undergraduate	0	p1	physics	non-expert-reading	0	1.0	1.0	0.0	0.0	0.0	0.0	0.6666666666666666	0.0
31	physics	1	undergraduate	0	p4	physics	non-expert-reading	0	1.0	1.0	0.0	1.0	0.0	0.0	0.6666666666666666	0.3333333333333333
31	physics	1	undergraduate	0	p5	physics	non-expert-reading	0	1.0	1.0	1.0	0.0	0.0	0.0	1.0	0.0
31	physics	1	undergraduate	0	p2	physics	non-expert-reading	0	1.0	1.0	1.0	0.0	0.0	1.0	1.0	0.3333333333333333
31	physics	1	undergraduate	0	p0	physics	non-expert-reading	0								
31	physics	1	undergraduate	0	p3	physics	non-expert-reading	0	1.0	1.0	1.0	0.0	0.0	0.0	1.0	0.0
31	physics	1	undergraduate	0	b4	biology	non-expert-reading	0	0.0	1.0	1.0	1.0	0.0	0.0	0.6666666666666666	0.3333333333333333
31	physics	1	undergraduate	0	b5	biology	non-expert-reading	0								
31	physics	1	undergraduate	0	b0	biology	non-expert-reading	0	0.0	1.0	0.0	0.0	1.0	0.0	0.3333333333333333	0.3333333333333333
31	physics	1	undergraduate	0	b2	biology	non-expert-reading	0	1.0	1.0	1.0	1.0	1.0	0.0	1.0	0.6666666666666666
31	physics	1	undergraduate	0	b1	biology	non-expert-reading	0								
31	physics	1	undergraduate	0	b3	biology	non-expert-reading	0	1.0	1.0	1.0	1.0	0.0	1.0	1.0	0.6666666666666666
32	physics	1	undergraduate	0	p5	physics	non-expert-reading	0	1.0	1.0	1.0	0.0	0.0	0.0	1.0	0.0
32	physics	1	undergraduate	0	p4	physics	non-expert-reading	0	1.0	1.0	0.0	1.0	0.0	0.0	0.6666666666666666	0.3333333333333333
32	physics	1	undergraduate	0	p3	physics	non-expert-reading	0	1.0	0.0	1.0	0.0	1.0	1.0	0.6666666666666666	0.6666666666666666
32	physics	1	undergraduate	0	p2	physics	non-expert-reading	0	0.0	1.0	1.0	0.0	1.0	0.0	0.6666666666666666	0.3333333333333333
32	physics	1	undergraduate	0	p0	physics	non-expert-reading	0								
32	physics	1	undergraduate	0	p1	physics	non-expert-reading	0	0.0	1.0	1.0	0.0	0.0	0.0	0.6666666666666666	0.0
32	physics	1	undergraduate	0	b4	biology	non-expert-reading	0	0.0	1.0	1.0	1.0	0.0	1.0	0.6666666666666666	0.6666666666666666
32	physics	1	undergraduate	0	b3	biology	non-expert-reading	0	0.0	0.0	0.0	0.0	0.0	0.0	0.0	0.0
32	physics	1	undergraduate	0	b2	biology	non-expert-reading	0	1.0	1.0	0.0	0.0	0.0	1.0	0.6666666666666666	0.3333333333333333
32	physics	1	undergraduate	0	b1	biology	non-expert-reading	0	1.0	0.0	0.0	0.0	1.0	0.0	0.3333333333333333	0.3333333333333333
32	physics	1	undergraduate	0	b0	biology	non-expert-reading	0	0.0	0.0	0.0	0.0	0.0	0.0	0.0	0.0
32	physics	1	undergraduate	0	b5	biology	non-expert-reading	0	1.0	1.0	0.0	0.0	0.0	0.0	0.6666666666666666	0.0
34	physics	1	undergraduate	0	p1	physics	non-expert-reading	0	1.0	1.0	1.0	0.0	1.0	1.0	1.0	0.6666666666666666
34	physics	1	undergraduate	0	p4	physics	non-expert-reading	0	1.0	1.0	0.0	0.0	1.0	0.0	0.6666666666666666	0.3333333333333333
34	physics	1	undergraduate	0	p5	physics	non-expert-reading	0	1.0	0.0	1.0	0.0	1.0	0.0	0.6666666666666666	0.3333333333333333
34	physics	1	undergraduate	0	p3	physics	non-expert-reading	0	0.0	1.0	1.0	1.0	0.0	0.0	0.6666666666666666	0.3333333333333333
34	physics	1	undergraduate	0	p2	physics	non-expert-reading	0	0.0	1.0	1.0	1.0	0.0	1.0	0.6666666666666666	0.6666666666666666
34	physics	1	undergraduate	0	p0	physics	non-expert-reading	0	0.0	0.0	1.0	1.0	0.0	0.0	0.3333333333333333	0.3333333333333333
34	physics	1	undergraduate	0	b1	biology	non-expert-reading	0	1.0	0.0	0.0	0.0	0.0	1.0	0.3333333333333333	0.3333333333333333
34	physics	1	undergraduate	0	b4	biology	non-expert-reading	0	0.0	0.0	1.0	0.0	0.0	1.0	0.3333333333333333	0.3333333333333333
34	physics	1	undergraduate	0	b3	biology	non-expert-reading	0	0.0	0.0	0.0	1.0	0.0	0.0	0.0	0.3333333333333333
34	physics	1	undergraduate	0	b2	biology	non-expert-reading	0	1.0	1.0	1.0	1.0	1.0	0.0	1.0	0.6666666666666666
34	physics	1	undergraduate	0	b0	biology	non-expert-reading	0	0.0	1.0	0.0	0.0	0.0	0.0	0.3333333333333333	0.0
34	physics	1	undergraduate	0	b5	biology	non-expert-reading	0	1.0	1.0	0.0	1.0	0.0	0.0	0.6666666666666666	0.3333333333333333
35	physics	1	undergraduate	0	p5	physics	non-expert-reading	0	1.0	1.0	1.0	0.0	0.0	1.0	1.0	0.3333333333333333
35	physics	1	undergraduate	0	p4	physics	non-expert-reading	0	1.0	1.0	0.0	1.0	0.0	0.0	0.6666666666666666	0.3333333333333333
35	physics	1	undergraduate	0	p3	physics	non-expert-reading	0	1.0	1.0	1.0	0.0	0.0	0.0	1.0	0.0
35	physics	1	undergraduate	0	p2	physics	non-expert-reading	0	0.0	1.0	1.0	0.0	1.0	1.0	0.6666666666666666	0.6666666666666666
35	physics	1	undergraduate	0	p1	physics	non-expert-reading	0	0.0	1.0	0.0	1.0	0.0	1.0	0.3333333333333333	0.6666666666666666
35	physics	1	undergraduate	0	p0	physics	non-expert-reading	0	1.0	1.0	1.0	1.0	0.0	1.0	1.0	0.6666666666666666
35	physics	1	undergraduate	0	b4	biology	non-expert-reading	0	1.0	1.0	1.0	0.0	0.0	1.0	1.0	0.3333333333333333
35	physics	1	undergraduate	0	b3	biology	non-expert-reading	0	0.0	1.0	1.0	0.0	0.0	1.0	0.6666666666666666	0.3333333333333333
35	physics	1	undergraduate	0	b2	biology	non-expert-reading	0	1.0	1.0	0.0	1.0	1.0	1.0	0.6666666666666666	1.0
35	physics	1	undergraduate	0	b1	biology	non-expert-reading	0	1.0	1.0	1.0	0.0	1.0	1.0	1.0	0.6666666666666666
35	physics	1	undergraduate	0	b0	biology	non-expert-reading	0	0.0	1.0	0.0	0.0	0.0	0.0	0.3333333333333333	0.0
35	physics	1	undergraduate	0	b5	biology	non-expert-reading	0	1.0	1.0	0.0	0.0	1.0	0.0	0.6666666666666666	0.3333333333333333
36	physics	1	undergraduate	0	p4	physics	non-expert-reading	0	1.0	1.0	0.0	1.0	0.0	0.0	0.6666666666666666	0.3333333333333333
36	physics	1	undergraduate	0	p3	physics	non-expert-reading	0	1.0	1.0	1.0	0.0	0.0	1.0	1.0	0.3333333333333333
36	physics	1	undergraduate	0	p2	physics	non-expert-reading	0	0.0	1.0	1.0	0.0	0.0	0.0	0.6666666666666666	0.0
36	physics	1	undergraduate	0	p1	physics	non-expert-reading	0	0.0	1.0	0.0	0.0	1.0	1.0	0.3333333333333333	0.6666666666666666
36	physics	1	undergraduate	0	p0	physics	non-expert-reading	0	1.0	0.0	1.0	0.0	0.0	0.0	0.6666666666666666	0.0
36	physics	1	undergraduate	0	p5	physics	non-expert-reading	0	1.0	1.0	1.0	0.0	0.0	1.0	1.0	0.3333333333333333
36	physics	1	undergraduate	0	b4	biology	non-expert-reading	0	1.0	1.0	1.0	1.0	0.0	1.0	1.0	0.6666666666666666
36	physics	1	undergraduate	0	b3	biology	non-expert-reading	0	0.0	1.0	1.0	0.0	0.0	1.0	0.6666666666666666	0.3333333333333333
36	physics	1	undergraduate	0	b2	biology	non-expert-reading	0	1.0	1.0	1.0	1.0	1.0	1.0	1.0	1.0
36	physics	1	undergraduate	0	b1	biology	non-expert-reading	0	1.0	0.0	0.0	0.0	0.0	0.0	0.3333333333333333	0.0
36	physics	1	undergraduate	0	b0	biology	non-expert-reading	0	0.0	1.0	0.0	0.0	0.0	0.0	0.3333333333333333	0.0
36	physics	1	undergraduate	0	b5	biology	non-expert-reading	0	1.0	1.0	0.0	0.0	0.0	0.0	0.6666666666666666	0.0
37	physics	1	undergraduate	0	p5	physics	non-expert-reading	0	0.0	1.0	1.0	0.0	0.0	1.0	0.6666666666666666	0.3333333333333333
37	physics	1	undergraduate	0	p4	physics	non-expert-reading	0	1.0	0.0	0.0	1.0	0.0	0.0	0.3333333333333333	0.3333333333333333
37	physics	1	undergraduate	0	p3	physics	non-expert-reading	0	1.0	1.0	1.0	1.0	1.0	1.0	1.0	1.0
37	physics	1	undergraduate	0	p2	physics	non-expert-reading	0	0.0	1.0	1.0	0.0	0.0	1.0	0.6666666666666666	0.3333333333333333
37	physics	1	undergraduate	0	p1	physics	non-expert-reading	0	0.0	1.0	0.0	0.0	0.0	0.0	0.3333333333333333	0.0
37	physics	1	undergraduate	0	p0	physics	non-expert-reading	0	1.0	1.0	1.0	0.0	0.0	0.0	1.0	0.0
37	physics	1	undergraduate	0	b5	biology	non-expert-reading	0	1.0	1.0	1.0	0.0	1.0	1.0	1.0	0.6666666666666666
37	physics	1	undergraduate	0	b3	biology	non-expert-reading	0	0.0	1.0	1.0	1.0	0.0	0.0	0.6666666666666666	0.3333333333333333
37	physics	1	undergraduate	0	b2	biology	non-expert-reading	0	1.0	1.0	1.0	1.0	0.0	1.0	1.0	0.6666666666666666
37	physics	1	undergraduate	0	b1	biology	non-expert-reading	0	1.0	1.0	0.0	0.0	1.0	0.0	0.6666666666666666	0.3333333333333333
37	physics	1	undergraduate	0	b0	biology	non-expert-reading	0	1.0	1.0	0.0	1.0	0.0	0.0	0.6666666666666666	0.3333333333333333
37	physics	1	undergraduate	0	b4	biology	non-expert-reading	0	1.0	1.0	1.0	1.0	0.0	1.0	1.0	0.6666666666666666
38	physics	1	undergraduate	0	p1	physics	non-expert-reading	0	0.0	1.0	1.0	0.0	0.0	0.0	0.6666666666666666	0.0
38	physics	1	undergraduate	0	p4	physics	non-expert-reading	0	1.0	0.0	0.0	1.0	0.0	0.0	0.3333333333333333	0.3333333333333333
38	physics	1	undergraduate	0	p3	physics	non-expert-reading	0	1.0	1.0	1.0	0.0	1.0	1.0	1.0	0.6666666666666666
38	physics	1	undergraduate	0	p5	physics	non-expert-reading	0	1.0	0.0	1.0	0.0	0.0	0.0	0.6666666666666666	0.0
38	physics	1	undergraduate	0	p0	physics	non-expert-reading	0	1.0	1.0	0.0	1.0	0.0	0.0	0.6666666666666666	0.3333333333333333
38	physics	1	undergraduate	0	p2	physics	non-expert-reading	0	1.0	0.0	1.0	0.0	0.0	1.0	0.6666666666666666	0.3333333333333333
38	physics	1	undergraduate	0	b4	biology	non-expert-reading	0	1.0	1.0	1.0	0.0	0.0	1.0	1.0	0.3333333333333333
38	physics	1	undergraduate	0	b3	biology	non-expert-reading	0	1.0	1.0	1.0	1.0	0.0	1.0	1.0	0.6666666666666666
38	physics	1	undergraduate	0	b2	biology	non-expert-reading	0	1.0	1.0	1.0	1.0	1.0	1.0	1.0	1.0
38	physics	1	undergraduate	0	b1	biology	non-expert-reading	0	1.0	1.0	0.0	0.0	1.0	1.0	0.6666666666666666	0.6666666666666666
38	physics	1	undergraduate	0	b0	biology	non-expert-reading	0	1.0	1.0	1.0	0.0	1.0	1.0	1.0	0.6666666666666666
38	physics	1	undergraduate	0	b5	biology	non-expert-reading	0	1.0	1.0	1.0	0.0	1.0	0.0	1.0	0.3333333333333333
39	physics	1	undergraduate	0	p5	physics	non-expert-reading	0	1.0	0.0	1.0	0.0	0.0	0.0	0.6666666666666666	0.0
39	physics	1	undergraduate	0	p4	physics	non-expert-reading	0	1.0	1.0	0.0	1.0	0.0	0.0	0.6666666666666666	0.3333333333333333
39	physics	1	undergraduate	0	p3	physics	non-expert-reading	0	1.0	1.0	1.0	0.0	0.0	0.0	1.0	0.0
39	physics	1	undergraduate	0	p2	physics	non-expert-reading	0	0.0	0.0	1.0	0.0	0.0	1.0	0.3333333333333333	0.3333333333333333
39	physics	1	undergraduate	0	p0	physics	non-expert-reading	0	0.0	1.0	1.0	0.0	0.0	0.0	0.6666666666666666	0.0
39	physics	1	undergraduate	0	p1	physics	non-expert-reading	0	1.0	0.0	0.0	0.0	1.0	0.0	0.3333333333333333	0.3333333333333333
39	physics	1	undergraduate	0	b4	biology	non-expert-reading	0	0.0	1.0	1.0	0.0	0.0	0.0	0.6666666666666666	0.0
39	physics	1	undergraduate	0	b3	biology	non-expert-reading	0	0.0	0.0	1.0	1.0	0.0	1.0	0.3333333333333333	0.6666666666666666
39	physics	1	undergraduate	0	b2	biology	non-expert-reading	0	1.0	0.0	0.0	0.0	0.0	0.0	0.3333333333333333	0.0
39	physics	1	undergraduate	0	b1	biology	non-expert-reading	0	1.0	0.0	1.0	0.0	1.0	0.0	0.6666666666666666	0.3333333333333333
39	physics	1	undergraduate	0	b0	biology	non-expert-reading	0	0.0	0.0	0.0	0.0	0.0	0.0	0.0	0.0
39	physics	1	undergraduate	0	b5	biology	non-expert-reading	0	1.0	0.0	0.0	0.0	0.0	0.0	0.3333333333333333	0.0
40	physics	1	undergraduate	0	b1	biology	non-expert-reading	0	1.0	0.0	1.0	0.0	0.0	1.0	0.6666666666666666	0.3333333333333333
40	physics	1	undergraduate	0	p2	physics	non-expert-reading	0	0.0	0.0	0.0	0.0	0.0	1.0	0.0	0.3333333333333333
40	physics	1	undergraduate	0	p1	physics	non-expert-reading	0	0.0	0.0	0.0	0.0	0.0	0.0	0.0	0.0
40	physics	1	undergraduate	0	p3	physics	non-expert-reading	0	1.0	0.0	0.0	0.0	1.0	1.0	0.3333333333333333	0.6666666666666666
40	physics	1	undergraduate	0	p0	physics	non-expert-reading	0	1.0	0.0	0.0	0.0	1.0	0.0	0.3333333333333333	0.3333333333333333
40	physics	1	undergraduate	0	b5	biology	non-expert-reading	0	1.0	1.0	0.0	1.0	0.0	0.0	0.6666666666666666	0.3333333333333333
40	physics	1	undergraduate	0	b4	biology	non-expert-reading	0	1.0	1.0	1.0	0.0	0.0	1.0	1.0	0.3333333333333333
40	physics	1	undergraduate	0	b3	biology	non-expert-reading	0	0.0	1.0	1.0	1.0	0.0	1.0	0.6666666666666666	0.6666666666666666
40	physics	1	undergraduate	0	b2	biology	non-expert-reading	0	0.0	1.0	1.0	1.0	1.0	1.0	0.6666666666666666	1.0
40	physics	1	undergraduate	0	b0	biology	non-expert-reading	0	0.0	1.0	0.0	0.0	0.0	1.0	0.3333333333333333	0.3333333333333333
40	physics	1	undergraduate	0	p5	physics	non-expert-reading	0	0.0	0.0	1.0	0.0	0.0	0.0	0.3333333333333333	0.0
40	physics	1	undergraduate	0	p4	physics	non-expert-reading	0	0.0	0.0	0.0	0.0	0.0	1.0	0.0	0.3333333333333333
41	physics	1	undergraduate	0	p5	physics	non-expert-reading	0	1.0	0.0	1.0	0.0	0.0	0.0	0.6666666666666666	0.0
41	physics	1	undergraduate	0	p3	physics	non-expert-reading	0	0.0	1.0	0.0	1.0	0.0	1.0	0.3333333333333333	0.6666666666666666
41	physics	1	undergraduate	0	p2	physics	non-expert-reading	0	0.0	0.0	0.0	0.0	0.0	0.0	0.0	0.0
41	physics	1	undergraduate	0	p1	physics	non-expert-reading	0	1.0	0.0	1.0	0.0	1.0	0.0	0.6666666666666666	0.3333333333333333
41	physics	1	undergraduate	0	p0	physics	non-expert-reading	0	1.0	0.0	0.0	0.0	0.0	0.0	0.3333333333333333	0.0
41	physics	1	undergraduate	0	b5	biology	non-expert-reading	0	0.0	1.0	1.0	1.0	1.0	0.0	0.6666666666666666	0.6666666666666666
41	physics	1	undergraduate	0	b4	biology	non-expert-reading	0	0.0	1.0	1.0	1.0	0.0	1.0	0.6666666666666666	0.6666666666666666
41	physics	1	undergraduate	0	b3	biology	non-expert-reading	0	0.0	0.0	0.0	1.0	0.0	1.0	0.0	0.6666666666666666
41	physics	1	undergraduate	0	b1	biology	non-expert-reading	0	1.0	1.0	1.0	0.0	1.0	1.0	1.0	0.6666666666666666
41	physics	1	undergraduate	0	b0	biology	non-expert-reading	0	0.0	0.0	1.0	1.0	0.0	0.0	0.3333333333333333	0.3333333333333333
41	physics	1	undergraduate	0	p4	physics	non-expert-reading	0	1.0	0.0	1.0	0.0	1.0	0.0	0.6666666666666666	0.3333333333333333
41	physics	1	undergraduate	0	b2	biology	non-expert-reading	0	1.0	0.0	1.0	0.0	1.0	1.0	0.6666666666666666	0.6666666666666666
60	biology	0	graduate	1	p4	physics	non-expert-reading	0	0.0	1.0	0.0	0.0	0.0	0.0	0.3333333333333333	0.0
60	biology	0	graduate	1	b0	biology	expert-reading	1	0.0	0.0	1.0	1.0	1.0	1.0	0.3333333333333333	1.0
60	biology	0	graduate	1	p3	physics	non-expert-reading	0	0.0	1.0	0.0	0.0	0.0	1.0	0.3333333333333333	0.3333333333333333
60	biology	0	graduate	1	p5	physics	non-expert-reading	0	0.0	1.0	0.0	0.0	0.0	0.0	0.3333333333333333	0.0
60	biology	0	graduate	1	p2	physics	non-expert-reading	0	1.0	1.0	0.0	0.0	0.0	0.0	0.6666666666666666	0.0
60	biology	0	graduate	1	p1	physics	non-expert-reading	0	0.0	0.0	1.0	0.0	0.0	1.0	0.3333333333333333	0.3333333333333333
60	biology	0	graduate	1	p0	physics	non-expert-reading	0	1.0	0.0	1.0	0.0	0.0	1.0	0.6666666666666666	0.3333333333333333
60	biology	0	graduate	1	b5	biology	expert-reading	1	0.0	1.0	1.0	0.0	1.0	0.0	0.6666666666666666	0.3333333333333333
60	biology	0	graduate	1	b4	biology	expert-reading	1	1.0	1.0	1.0	0.0	0.0	1.0	1.0	0.3333333333333333
60	biology	0	graduate	1	b3	biology	expert-reading	1	0.0	1.0	1.0	1.0	0.0	1.0	0.6666666666666666	0.6666666666666666
60	biology	0	graduate	1	b2	biology	expert-reading	1	1.0	0.0	1.0	1.0	0.0	1.0	0.6666666666666666	0.6666666666666666
60	biology	0	graduate	1	b1	biology	expert-reading	1	1.0	0.0	0.0	1.0	0.0	1.0	0.3333333333333333	0.6666666666666666
61	biology	0	graduate	1	b1	biology	expert-reading	1	1.0	1.0	1.0	0.0	1.0	1.0	1.0	0.6666666666666666
61	biology	0	graduate	1	b2	biology	expert-reading	1	1.0	1.0	1.0	0.0	1.0	1.0	1.0	0.6666666666666666
61	biology	0	graduate	1	b3	biology	expert-reading	1	1.0	1.0	1.0	1.0	0.0	1.0	1.0	0.6666666666666666
61	biology	0	graduate	1	b4	biology	expert-reading	1	1.0	1.0	1.0	1.0	1.0	0.0	1.0	0.6666666666666666
61	biology	0	graduate	1	b5	biology	expert-reading	1	1.0	1.0	1.0	0.0	1.0	0.0	1.0	0.3333333333333333
61	biology	0	graduate	1	p1	physics	non-expert-reading	0								
61	biology	0	graduate	1	p2	physics	non-expert-reading	0	1.0	1.0	0.0	1.0	0.0	0.0	0.6666666666666666	0.3333333333333333
61	biology	0	graduate	1	p3	physics	non-expert-reading	0	1.0	1.0	1.0	0.0	1.0	1.0	1.0	0.6666666666666666
61	biology	0	graduate	1	b0	biology	expert-reading	1	1.0	1.0	1.0	1.0	0.0	1.0	1.0	0.6666666666666666
61	biology	0	graduate	1	p5	physics	non-expert-reading	0	1.0	1.0	1.0	1.0	0.0	0.0	1.0	0.3333333333333333
61	biology	0	graduate	1	p0	physics	non-expert-reading	0	1.0	0.0	0.0	0.0	1.0	0.0	0.3333333333333333	0.3333333333333333
61	biology	0	graduate	1	p4	physics	non-expert-reading	0	1.0	1.0	1.0	1.0	0.0	0.0	1.0	0.3333333333333333
62	biology	0	graduate	1	p4	physics	non-expert-reading	0								
62	biology	0	graduate	1	b0	biology	expert-reading	1								
62	biology	0	graduate	1	b1	biology	expert-reading	1								
62	biology	0	graduate	1	b2	biology	expert-reading	1	1.0	1.0	1.0	1.0	1.0	1.0	1.0	1.0
62	biology	0	graduate	1	b3	biology	expert-reading	1								
62	biology	0	graduate	1	b4	biology	expert-reading	1	1.0	1.0	1.0	1.0	1.0	1.0	1.0	1.0
62	biology	0	graduate	1	p0	physics	non-expert-reading	0	0.0	0.0	0.0	0.0	0.0	0.0	0.0	0.0
62	biology	0	graduate	1	p1	physics	non-expert-reading	0	0.0	0.0	1.0	1.0	1.0	0.0	0.3333333333333333	0.6666666666666666
62	biology	0	graduate	1	p3	physics	non-expert-reading	0	1.0	1.0	0.0	0.0	0.0	1.0	0.6666666666666666	0.3333333333333333
62	biology	0	graduate	1	p5	physics	non-expert-reading	0	0.0	0.0	1.0	0.0	0.0	1.0	0.3333333333333333	0.3333333333333333
62	biology	0	graduate	1	p2	physics	non-expert-reading	0	1.0	0.0	1.0	1.0	0.0	0.0	0.6666666666666666	0.3333333333333333
62	biology	0	graduate	1	b5	biology	expert-reading	1								
63	biology	0	graduate	1	p1	physics	non-expert-reading	0	0.0	0.0	0.0	1.0	1.0	0.0	0.0	0.6666666666666666
63	biology	0	graduate	1	b0	biology	expert-reading	1	0.0	0.0	1.0	1.0	0.0	0.0	0.3333333333333333	0.3333333333333333
63	biology	0	graduate	1	b1	biology	expert-reading	1	1.0	0.0	1.0	0.0	0.0	0.0	0.6666666666666666	0.0
63	biology	0	graduate	1	b2	biology	expert-reading	1	0.0	1.0	0.0	0.0	1.0	1.0	0.3333333333333333	0.6666666666666666
63	biology	0	graduate	1	b3	biology	expert-reading	1	0.0	0.0	1.0	0.0	0.0	0.0	0.3333333333333333	0.0
63	biology	0	graduate	1	b4	biology	expert-reading	1	1.0	1.0	1.0	1.0	0.0	0.0	1.0	0.3333333333333333
63	biology	0	graduate	1	b5	biology	expert-reading	1	1.0	0.0	1.0	1.0	0.0	0.0	0.6666666666666666	0.3333333333333333
63	biology	0	graduate	1	p0	physics	non-expert-reading	0	1.0	0.0	1.0	0.0	0.0	0.0	0.6666666666666666	0.0
63	biology	0	graduate	1	p2	physics	non-expert-reading	0	1.0	1.0	0.0	0.0	0.0	0.0	0.6666666666666666	0.0
63	biology	0	graduate	1	p5	physics	non-expert-reading	0	0.0	1.0	1.0	0.0	0.0	0.0	0.6666666666666666	0.0
63	biology	0	graduate	1	p4	physics	non-expert-reading	0	0.0	1.0	0.0	0.0	0.0	0.0	0.3333333333333333	0.0
63	biology	0	graduate	1	p3	physics	non-expert-reading	0	1.0	0.0	1.0	0.0	1.0	0.0	0.6666666666666666	0.3333333333333333
64	biology	0	graduate	1	p5	physics	non-expert-reading	0	1.0	0.0	1.0	0.0	0.0	0.0	0.6666666666666666	0.0
64	biology	0	graduate	1	p4	physics	non-expert-reading	0	1.0	0.0	1.0	0.0	0.0	0.0	0.6666666666666666	0.0
64	biology	0	graduate	1	b1	biology	expert-reading	1	1.0	1.0	1.0	0.0	0.0	1.0	1.0	0.3333333333333333
64	biology	0	graduate	1	b2	biology	expert-reading	1	1.0	0.0	0.0	1.0	1.0	1.0	0.3333333333333333	1.0
64	biology	0	graduate	1	b3	biology	expert-reading	1	1.0	1.0	1.0	1.0	0.0	1.0	1.0	0.6666666666666666
64	biology	0	graduate	1	b4	biology	expert-reading	1	1.0	1.0	1.0	1.0	1.0	1.0	1.0	1.0
64	biology	0	graduate	1	b5	biology	expert-reading	1	1.0	1.0	1.0	1.0	1.0	1.0	1.0	1.0
64	biology	0	graduate	1	p0	physics	non-expert-reading	0	1.0	0.0	0.0	0.0	0.0	0.0	0.3333333333333333	0.0
64	biology	0	graduate	1	p1	physics	non-expert-reading	0	1.0	0.0	1.0	0.0	1.0	0.0	0.6666666666666666	0.3333333333333333
64	biology	0	graduate	1	p2	physics	non-expert-reading	0	1.0	1.0	0.0	0.0	1.0	1.0	0.6666666666666666	0.6666666666666666
64	biology	0	graduate	1	b0	biology	expert-reading	1	0.0	1.0	1.0	1.0	0.0	1.0	0.6666666666666666	0.6666666666666666
64	biology	0	graduate	1	p3	physics	non-expert-reading	0	0.0	1.0	0.0	0.0	1.0	1.0	0.3333333333333333	0.6666666666666666
65	biology	0	graduate	1	b4	biology	expert-reading	1	1.0	0.0	1.0	0.0	1.0	0.0	0.6666666666666666	0.3333333333333333
65	biology	0	graduate	1	b0	biology	expert-reading	1	0.0	1.0	0.0	1.0	0.0	1.0	0.3333333333333333	0.6666666666666666
65	biology	0	graduate	1	b1	biology	expert-reading	1	1.0	0.0	1.0	0.0	0.0	0.0	0.6666666666666666	0.0
65	biology	0	graduate	1	b2	biology	expert-reading	1	1.0	1.0	0.0	1.0	1.0	1.0	0.6666666666666666	1.0
65	biology	0	graduate	1	b3	biology	expert-reading	1	0.0	0.0	1.0	1.0	0.0	1.0	0.3333333333333333	0.6666666666666666
65	biology	0	graduate	1	p4	physics	non-expert-reading	0	1.0	0.0	1.0	0.0	0.0	0.0	0.6666666666666666	0.0
65	biology	0	graduate	1	p1	physics	non-expert-reading	0	0.0	0.0	0.0	0.0	0.0	1.0	0.0	0.3333333333333333
65	biology	0	graduate	1	p0	physics	non-expert-reading	0	1.0	0.0	0.0	0.0	0.0	1.0	0.3333333333333333	0.3333333333333333
65	biology	0	graduate	1	p5	physics	non-expert-reading	0	0.0	1.0	1.0	1.0	0.0	0.0	0.6666666666666666	0.3333333333333333
65	biology	0	graduate	1	b5	biology	expert-reading	1	0.0	0.0	0.0	1.0	0.0	1.0	0.0	0.6666666666666666
65	biology	0	graduate	1	p3	physics	non-expert-reading	0	0.0	0.0	0.0	0.0	0.0	0.0	0.0	0.0
65	biology	0	graduate	1	p2	physics	non-expert-reading	0	1.0	0.0	0.0	0.0	0.0	0.0	0.3333333333333333	0.0
66	biology	0	graduate	1	b0	biology	expert-reading	1	0.0	1.0	1.0	0.0	0.0	0.0	0.6666666666666666	0.0
66	biology	0	graduate	1	p5	physics	non-expert-reading	0	0.0	0.0	1.0	1.0	1.0	1.0	0.3333333333333333	1.0
66	biology	0	graduate	1	p3	physics	non-expert-reading	0	0.0	1.0	0.0	0.0	0.0	1.0	0.3333333333333333	0.3333333333333333
66	biology	0	graduate	1	p2	physics	non-expert-reading	0	0.0	0.0	0.0	0.0	0.0	1.0	0.0	0.3333333333333333
66	biology	0	graduate	1	p1	physics	non-expert-reading	0	0.0	0.0	0.0	1.0	1.0	0.0	0.0	0.6666666666666666
66	biology	0	graduate	1	p4	physics	non-expert-reading	0	0.0	0.0	0.0	0.0	1.0	0.0	0.0	0.3333333333333333
66	biology	0	graduate	1	b5	biology	expert-reading	1	0.0	0.0	0.0	1.0	1.0	0.0	0.0	0.6666666666666666
66	biology	0	graduate	1	b4	biology	expert-reading	1	0.0	1.0	1.0	1.0	0.0	1.0	0.6666666666666666	0.6666666666666666
66	biology	0	graduate	1	b3	biology	expert-reading	1	0.0	0.0	1.0	0.0	0.0	1.0	0.3333333333333333	0.3333333333333333
66	biology	0	graduate	1	b2	biology	expert-reading	1	1.0	1.0	1.0	1.0	1.0	0.0	1.0	0.6666666666666666
66	biology	0	graduate	1	b1	biology	expert-reading	1	1.0	1.0	1.0	0.0	1.0	0.0	1.0	0.3333333333333333
66	biology	0	graduate	1	p0	physics	non-expert-reading	0	0.0	0.0	0.0	0.0	1.0	1.0	0.0	0.6666666666666666
67	biology	0	graduate	1	p4	physics	non-expert-reading	0	1.0	1.0	0.0	1.0	0.0	0.0	0.6666666666666666	0.3333333333333333
67	biology	0	graduate	1	p3	physics	non-expert-reading	0	1.0	1.0	1.0	1.0	0.0	1.0	1.0	0.6666666666666666
67	biology	0	graduate	1	p2	physics	non-expert-reading	0	0.0	1.0	1.0	0.0	0.0	0.0	0.6666666666666666	0.0
67	biology	0	graduate	1	p1	physics	non-expert-reading	0	1.0	1.0	0.0	1.0	0.0	0.0	0.6666666666666666	0.3333333333333333
67	biology	0	graduate	1	b4	biology	expert-reading	1	1.0	1.0	1.0	1.0	0.0	1.0	1.0	0.6666666666666666
67	biology	0	graduate	1	b5	biology	expert-reading	1	1.0	1.0	1.0	1.0	1.0	1.0	1.0	1.0
67	biology	0	graduate	1	b3	biology	expert-reading	1	0.0	1.0	1.0	0.0	0.0	1.0	0.6666666666666666	0.3333333333333333
67	biology	0	graduate	1	b2	biology	expert-reading	1	1.0	1.0	1.0	1.0	1.0	1.0	1.0	1.0
67	biology	0	graduate	1	b1	biology	expert-reading	1	1.0	0.0	1.0	0.0	0.0	0.0	0.6666666666666666	0.0
67	biology	0	graduate	1	p0	physics	non-expert-reading	0	0.0	0.0	0.0	1.0	1.0	1.0	0.0	1.0
67	biology	0	graduate	1	b0	biology	expert-reading	1	1.0	1.0	1.0	1.0	1.0	1.0	1.0	1.0
67	biology	0	graduate	1	p5	physics	non-expert-reading	0	1.0	0.0	1.0	0.0	0.0	1.0	0.6666666666666666	0.3333333333333333
68	biology	0	graduate	1	b4	biology	expert-reading	1	1.0	0.0	1.0	1.0	1.0	1.0	0.6666666666666666	1.0
68	biology	0	graduate	1	b2	biology	expert-reading	1	1.0	1.0	1.0	0.0	1.0	1.0	1.0	0.6666666666666666
68	biology	0	graduate	1	b3	biology	expert-reading	1	1.0	0.0	1.0	0.0	1.0	0.0	0.6666666666666666	0.3333333333333333
68	biology	0	graduate	1	b5	biology	expert-reading	1	1.0	1.0	1.0	1.0	1.0	0.0	1.0	0.6666666666666666
68	biology	0	graduate	1	p0	physics	non-expert-reading	0	1.0	0.0	0.0	0.0	0.0	0.0	0.3333333333333333	0.0
68	biology	0	graduate	1	p1	physics	non-expert-reading	0	0.0	0.0	0.0	1.0	1.0	0.0	0.0	0.6666666666666666
68	biology	0	graduate	1	p2	physics	non-expert-reading	0	1.0	0.0	1.0	0.0	0.0	0.0	0.6666666666666666	0.0
68	biology	0	graduate	1	p3	physics	non-expert-reading	0	1.0	1.0	1.0	1.0	1.0	0.0	1.0	0.6666666666666666
68	biology	0	graduate	1	p4	physics	non-expert-reading	0	0.0	1.0	1.0	0.0	0.0	0.0	0.6666666666666666	0.0
68	biology	0	graduate	1	p5	physics	non-expert-reading	0	0.0	1.0	1.0	0.0	0.0	1.0	0.6666666666666666	0.3333333333333333
68	biology	0	graduate	1	b1	biology	expert-reading	1	1.0	1.0	1.0	0.0	0.0	1.0	1.0	0.3333333333333333
68	biology	0	graduate	1	b0	biology	expert-reading	1	0.0	1.0	1.0	1.0	1.0	1.0	0.6666666666666666	1.0
69	biology	0	graduate	1	p4	physics	non-expert-reading	0	1.0	0.0	1.0	1.0	1.0	0.0	0.6666666666666666	0.6666666666666666
69	biology	0	graduate	1	p5	physics	non-expert-reading	0	1.0	0.0	1.0	1.0	1.0	0.0	0.6666666666666666	0.6666666666666666
69	biology	0	graduate	1	b1	biology	expert-reading	1	1.0	1.0	0.0	0.0	0.0	1.0	0.6666666666666666	0.3333333333333333
69	biology	0	graduate	1	b2	biology	expert-reading	1	1.0	1.0	1.0	1.0	1.0	1.0	1.0	1.0
69	biology	0	graduate	1	b3	biology	expert-reading	1	1.0	1.0	1.0	1.0	0.0	1.0	1.0	0.6666666666666666
69	biology	0	graduate	1	b4	biology	expert-reading	1	1.0	1.0	1.0	1.0	1.0	1.0	1.0	1.0
69	biology	0	graduate	1	b0	biology	expert-reading	1	1.0	1.0	1.0	0.0	1.0	0.0	1.0	0.3333333333333333
69	biology	0	graduate	1	p1	physics	non-expert-reading	0	0.0	1.0	0.0	1.0	0.0	0.0	0.3333333333333333	0.3333333333333333
69	biology	0	graduate	1	p2	physics	non-expert-reading	0	1.0	1.0	1.0	1.0	0.0	1.0	1.0	0.6666666666666666
69	biology	0	graduate	1	p3	physics	non-expert-reading	0	0.0	1.0	1.0	0.0	0.0	1.0	0.6666666666666666	0.3333333333333333
69	biology	0	graduate	1	b5	biology	expert-reading	1	1.0	1.0	1.0	1.0	1.0	0.0	1.0	0.6666666666666666
69	biology	0	graduate	1	p0	physics	non-expert-reading	0	1.0	0.0	0.0	0.0	0.0	0.0	0.3333333333333333	0.0
70	biology	0	graduate	1	p5	physics	non-expert-reading	0	1.0	0.0	1.0	0.0	0.0	0.0	0.6666666666666666	0.0
70	biology	0	graduate	1	p4	physics	non-expert-reading	0	1.0	1.0	0.0	0.0	0.0	0.0	0.6666666666666666	0.0
70	biology	0	graduate	1	p3	physics	non-expert-reading	0	1.0	1.0	1.0	0.0	0.0	0.0	1.0	0.0
70	biology	0	graduate	1	b0	biology	expert-reading	1	1.0	1.0	1.0	1.0	1.0	0.0	1.0	0.6666666666666666
70	biology	0	graduate	1	b1	biology	expert-reading	1	1.0	1.0	1.0	1.0	1.0	1.0	1.0	1.0
70	biology	0	graduate	1	b2	biology	expert-reading	1	1.0	1.0	1.0	0.0	1.0	1.0	1.0	0.6666666666666666
70	biology	0	graduate	1	b3	biology	expert-reading	1	0.0	1.0	1.0	0.0	0.0	1.0	0.6666666666666666	0.3333333333333333
70	biology	0	graduate	1	b4	biology	expert-reading	1	1.0	1.0	1.0	0.0	0.0	0.0	1.0	0.0
70	biology	0	graduate	1	b5	biology	expert-reading	1	1.0	1.0	1.0	1.0	0.0	0.0	1.0	0.3333333333333333
70	biology	0	graduate	1	p0	physics	non-expert-reading	0	0.0	0.0	0.0	0.0	0.0	0.0	0.0	0.0
70	biology	0	graduate	1	p2	physics	non-expert-reading	0	1.0	1.0	1.0	0.0	1.0	0.0	1.0	0.3333333333333333
70	biology	0	graduate	1	p1	physics	non-expert-reading	0	0.0	0.0	0.0	0.0	0.0	0.0	0.0	0.0
71	biology	0	graduate	1	p3	physics	non-expert-reading	0	0.0	1.0	0.0	0.0	0.0	0.0	0.3333333333333333	0.0
71	biology	0	graduate	1	b0	biology	expert-reading	1	1.0	1.0	1.0	1.0	1.0	1.0	1.0	1.0
71	biology	0	graduate	1	b1	biology	expert-reading	1	1.0	0.0	1.0	0.0	0.0	0.0	0.6666666666666666	0.0
71	biology	0	graduate	1	b2	biology	expert-reading	1	1.0	1.0	1.0	0.0	1.0	1.0	1.0	0.6666666666666666
71	biology	0	graduate	1	b3	biology	expert-reading	1	1.0	0.0	1.0	1.0	0.0	1.0	0.6666666666666666	0.6666666666666666
71	biology	0	graduate	1	b4	biology	expert-reading	1	1.0	1.0	1.0	1.0	1.0	1.0	1.0	1.0
71	biology	0	graduate	1	b5	biology	expert-reading	1	1.0	1.0	1.0	1.0	1.0	1.0	1.0	1.0
71	biology	0	graduate	1	p0	physics	non-expert-reading	0	0.0	1.0	0.0	0.0	0.0	1.0	0.3333333333333333	0.3333333333333333
71	biology	0	graduate	1	p1	physics	non-expert-reading	0	1.0	0.0	1.0	0.0	0.0	1.0	0.6666666666666666	0.3333333333333333
71	biology	0	graduate	1	p2	physics	non-expert-reading	0	1.0	1.0	1.0	0.0	1.0	1.0	1.0	0.6666666666666666
71	biology	0	graduate	1	p5	physics	non-expert-reading	0	0.0	0.0	1.0	0.0	0.0	0.0	0.3333333333333333	0.0
71	biology	0	graduate	1	p4	physics	non-expert-reading	0	1.0	1.0	0.0	0.0	0.0	0.0	0.6666666666666666	0.0
72	biology	0	graduate	1	p5	physics	non-expert-reading	0	1.0	0.0	1.0	0.0	0.0	0.0	0.6666666666666666	0.0
72	biology	0	graduate	1	b0	biology	expert-reading	1	1.0	1.0	1.0	1.0	1.0	1.0	1.0	1.0
72	biology	0	graduate	1	b1	biology	expert-reading	1	1.0	1.0	1.0	0.0	1.0	0.0	1.0	0.3333333333333333
72	biology	0	graduate	1	b2	biology	expert-reading	1	1.0	0.0	1.0	1.0	1.0	1.0	0.6666666666666666	1.0
72	biology	0	graduate	1	b3	biology	expert-reading	1	1.0	1.0	1.0	1.0	0.0	1.0	1.0	0.6666666666666666
72	biology	0	graduate	1	b4	biology	expert-reading	1	0.0	1.0	1.0	1.0	1.0	1.0	0.6666666666666666	1.0
72	biology	0	graduate	1	b5	biology	expert-reading	1	1.0	1.0	1.0	0.0	1.0	1.0	1.0	0.6666666666666666
72	biology	0	graduate	1	p0	physics	non-expert-reading	0	0.0	0.0	0.0	0.0	0.0	0.0	0.0	0.0
72	biology	0	graduate	1	p1	physics	non-expert-reading	0	1.0	0.0	1.0	0.0	1.0	0.0	0.6666666666666666	0.3333333333333333
72	biology	0	graduate	1	p2	physics	non-expert-reading	0	0.0	0.0	1.0	0.0	0.0	1.0	0.3333333333333333	0.3333333333333333
72	biology	0	graduate	1	p4	physics	non-expert-reading	0	1.0	1.0	0.0	1.0	0.0	0.0	0.6666666666666666	0.3333333333333333
72	biology	0	graduate	1	p3	physics	non-expert-reading	0	1.0	1.0	1.0	0.0	0.0	0.0	1.0	0.0
73	biology	0	graduate	1	p4	physics	non-expert-reading	0	1.0	1.0	1.0	0.0	0.0	0.0	1.0	0.0
73	biology	0	graduate	1	p3	physics	non-expert-reading	0	0.0	1.0	1.0	1.0	0.0	1.0	0.6666666666666666	0.6666666666666666
73	biology	0	graduate	1	b1	biology	expert-reading	1	1.0	1.0	0.0	0.0	0.0	0.0	0.6666666666666666	0.0
73	biology	0	graduate	1	p5	physics	non-expert-reading	0	1.0	0.0	1.0	0.0	0.0	0.0	0.6666666666666666	0.0
73	biology	0	graduate	1	p2	physics	non-expert-reading	0	1.0	1.0	1.0	0.0	0.0	0.0	1.0	0.0
73	biology	0	graduate	1	p1	physics	non-expert-reading	0	0.0	0.0	0.0	0.0	0.0	0.0	0.0	0.0
73	biology	0	graduate	1	p0	physics	non-expert-reading	0	1.0	0.0	0.0	0.0	0.0	1.0	0.3333333333333333	0.3333333333333333
73	biology	0	graduate	1	b5	biology	expert-reading	1	1.0	1.0	0.0	1.0	0.0	0.0	0.6666666666666666	0.3333333333333333
73	biology	0	graduate	1	b4	biology	expert-reading	1	1.0	1.0	1.0	1.0	1.0	1.0	1.0	1.0
73	biology	0	graduate	1	b3	biology	expert-reading	1	1.0	1.0	1.0	0.0	0.0	0.0	1.0	0.0
73	biology	0	graduate	1	b0	biology	expert-reading	1	1.0	1.0	1.0	1.0	0.0	1.0	1.0	0.6666666666666666
73	biology	0	graduate	1	b2	biology	expert-reading	1	1.0	1.0	1.0	0.0	1.0	1.0	1.0	0.6666666666666666
74	biology	0	graduate	1	b1	biology	expert-reading	1	1.0	1.0	1.0	0.0	0.0	1.0	1.0	0.3333333333333333
74	biology	0	graduate	1	p1	physics	non-expert-reading	0	1.0	0.0	0.0	0.0	0.0	0.0	0.3333333333333333	0.0
74	biology	0	graduate	1	p0	physics	non-expert-reading	0	0.0	0.0	1.0	0.0	0.0	0.0	0.3333333333333333	0.0
74	biology	0	graduate	1	b5	biology	expert-reading	1	1.0	1.0	1.0	0.0	1.0	0.0	1.0	0.3333333333333333
74	biology	0	graduate	1	b4	biology	expert-reading	1	0.0	1.0	1.0	1.0	1.0	1.0	0.6666666666666666	1.0
74	biology	0	graduate	1	p2	physics	non-expert-reading	0	0.0	0.0	0.0	0.0	0.0	0.0	0.0	0.0
74	biology	0	graduate	1	b3	biology	expert-reading	1	1.0	1.0	1.0	1.0	1.0	1.0	1.0	1.0
74	biology	0	graduate	1	b0	biology	expert-reading	1	1.0	1.0	1.0	1.0	0.0	0.0	1.0	0.3333333333333333
74	biology	0	graduate	1	b2	biology	expert-reading	1	1.0	1.0	1.0	1.0	1.0	1.0	1.0	1.0
74	biology	0	graduate	1	p4	physics	non-expert-reading	0	1.0	1.0	0.0	0.0	0.0	0.0	0.6666666666666666	0.0
74	biology	0	graduate	1	p5	physics	non-expert-reading	0	1.0	0.0	1.0	0.0	0.0	1.0	0.6666666666666666	0.3333333333333333
74	biology	0	graduate	1	p3	physics	non-expert-reading	0	1.0	0.0	1.0	0.0	0.0	1.0	0.6666666666666666	0.3333333333333333
75	biology	0	graduate	1	b0	biology	expert-reading	1	1.0	1.0	1.0	1.0	1.0	1.0	1.0	1.0
75	biology	0	graduate	1	p5	physics	non-expert-reading	0	1.0	0.0	1.0	0.0	0.0	1.0	0.6666666666666666	0.3333333333333333
75	biology	0	graduate	1	p3	physics	non-expert-reading	0	1.0	0.0	1.0	1.0	0.0	0.0	0.6666666666666666	0.3333333333333333
75	biology	0	graduate	1	p2	physics	non-expert-reading	0	0.0	1.0	1.0	0.0	0.0	1.0	0.6666666666666666	0.3333333333333333
75	biology	0	graduate	1	p1	physics	non-expert-reading	0	0.0	1.0	0.0	0.0	0.0	0.0	0.3333333333333333	0.0
75	biology	0	graduate	1	p4	physics	non-expert-reading	0	1.0	1.0	1.0	0.0	0.0	0.0	1.0	0.0
75	biology	0	graduate	1	b5	biology	expert-reading	1	1.0	1.0	1.0	1.0	1.0	1.0	1.0	1.0
75	biology	0	graduate	1	b4	biology	expert-reading	1	1.0	1.0	1.0	0.0	0.0	1.0	1.0	0.3333333333333333
75	biology	0	graduate	1	b3	biology	expert-reading	1	1.0	1.0	1.0	1.0	0.0	1.0	1.0	0.6666666666666666
75	biology	0	graduate	1	b2	biology	expert-reading	1	1.0	1.0	1.0	0.0	1.0	1.0	1.0	0.6666666666666666
75	biology	0	graduate	1	p0	physics	non-expert-reading	0	0.0	0.0	1.0	0.0	0.0	0.0	0.3333333333333333	0.0
75	biology	0	graduate	1	b1	biology	expert-reading	1	1.0	1.0	1.0	0.0	1.0	0.0	1.0	0.3333333333333333
76	biology	0	graduate	1	p5	physics	non-expert-reading	0	1.0	1.0	1.0	1.0	0.0	0.0	1.0	0.3333333333333333
76	biology	0	graduate	1	p4	physics	non-expert-reading	0	1.0	1.0	1.0	0.0	0.0	1.0	1.0	0.3333333333333333
76	biology	0	graduate	1	p3	physics	non-expert-reading	0	1.0	1.0	1.0	0.0	1.0	0.0	1.0	0.3333333333333333
76	biology	0	graduate	1	p2	physics	non-expert-reading	0	1.0	0.0	0.0	0.0	0.0	1.0	0.3333333333333333	0.3333333333333333
76	biology	0	graduate	1	p1	physics	non-expert-reading	0	0.0	0.0	0.0	1.0	0.0	0.0	0.0	0.3333333333333333
76	biology	0	graduate	1	b5	biology	expert-reading	1	1.0	1.0	1.0	0.0	1.0	0.0	1.0	0.3333333333333333
76	biology	0	graduate	1	b4	biology	expert-reading	1	1.0	0.0	1.0	1.0	1.0	0.0	0.6666666666666666	0.6666666666666666
76	biology	0	graduate	1	b3	biology	expert-reading	1	0.0	1.0	1.0	1.0	0.0	1.0	0.6666666666666666	0.6666666666666666
76	biology	0	graduate	1	b2	biology	expert-reading	1	1.0	1.0	1.0	1.0	1.0	1.0	1.0	1.0
76	biology	0	graduate	1	b1	biology	expert-reading	1	1.0	1.0	1.0	0.0	1.0	1.0	1.0	0.6666666666666666
76	biology	0	graduate	1	b0	biology	expert-reading	1	1.0	1.0	0.0	1.0	0.0	1.0	0.6666666666666666	0.6666666666666666
76	biology	0	graduate	1	p0	physics	non-expert-reading	0	0.0	1.0	0.0	0.0	1.0	0.0	0.3333333333333333	0.3333333333333333
77	biology	0	graduate	1	p2	physics	non-expert-reading	0	0.0	1.0	1.0	0.0	0.0	0.0	0.6666666666666666	0.0
77	biology	0	graduate	1	p5	physics	non-expert-reading	0	1.0	0.0	1.0	0.0	0.0	0.0	0.6666666666666666	0.0
77	biology	0	graduate	1	p4	physics	non-expert-reading	0	1.0	1.0	0.0	0.0	1.0	0.0	0.6666666666666666	0.3333333333333333
77	biology	0	graduate	1	p3	physics	non-expert-reading	0	1.0	1.0	1.0	0.0	0.0	1.0	1.0	0.3333333333333333
77	biology	0	graduate	1	p1	physics	non-expert-reading	0	0.0	1.0	0.0	1.0	1.0	0.0	0.3333333333333333	0.6666666666666666
77	biology	0	graduate	1	b4	biology	expert-reading	1	0.0	0.0	1.0	1.0	0.0	1.0	0.3333333333333333	0.6666666666666666
77	biology	0	graduate	1	b5	biology	expert-reading	1	1.0	1.0	1.0	1.0	1.0	0.0	1.0	0.6666666666666666
77	biology	0	graduate	1	p0	physics	non-expert-reading	0	1.0	0.0	0.0	0.0	0.0	0.0	0.3333333333333333	0.0
77	biology	0	graduate	1	b1	biology	expert-reading	1	1.0	1.0	1.0	0.0	1.0	1.0	1.0	0.6666666666666666
77	biology	0	graduate	1	b0	biology	expert-reading	1	1.0	1.0	1.0	1.0	1.0	1.0	1.0	1.0
77	biology	0	graduate	1	b3	biology	expert-reading	1	1.0	1.0	1.0	1.0	0.0	1.0	1.0	0.6666666666666666
77	biology	0	graduate	1	b2	biology	expert-reading	1	1.0	1.0	1.0	1.0	1.0	1.0	1.0	1.0
78	biology	0	graduate	1	b0	biology	expert-reading	1	0.0	1.0	1.0	1.0	1.0	1.0	0.6666666666666666	1.0
78	biology	0	graduate	1	b1	biology	expert-reading	1	1.0	1.0	1.0	0.0	1.0	0.0	1.0	0.3333333333333333
78	biology	0	graduate	1	b2	biology	expert-reading	1	1.0	1.0	1.0	1.0	0.0	1.0	1.0	0.6666666666666666
78	biology	0	graduate	1	b3	biology	expert-reading	1	1.0	1.0	1.0	1.0	1.0	1.0	1.0	1.0
78	biology	0	graduate	1	b5	biology	expert-reading	1	1.0	1.0	1.0	1.0	1.0	0.0	1.0	0.6666666666666666
78	biology	0	graduate	1	p0	physics	non-expert-reading	0	0.0	1.0	0.0	0.0	0.0	0.0	0.3333333333333333	0.0
78	biology	0	graduate	1	p1	physics	non-expert-reading	0	0.0	1.0	0.0	0.0	1.0	0.0	0.3333333333333333	0.3333333333333333
78	biology	0	graduate	1	p2	physics	non-expert-reading	0	1.0	0.0	1.0	0.0	0.0	0.0	0.6666666666666666	0.0
78	biology	0	graduate	1	p3	physics	non-expert-reading	0	1.0	0.0	1.0	1.0	1.0	1.0	0.6666666666666666	1.0
78	biology	0	graduate	1	p4	physics	non-expert-reading	0	0.0	0.0	1.0	1.0	0.0	0.0	0.3333333333333333	0.3333333333333333
78	biology	0	graduate	1	b4	biology	expert-reading	1	1.0	1.0	1.0	1.0	1.0	1.0	1.0	1.0
78	biology	0	graduate	1	p5	physics	non-expert-reading	0	1.0	1.0	1.0	0.0	0.0	1.0	1.0	0.3333333333333333
79	biology	0	graduate	1	b0	biology	expert-reading	1	1.0	1.0	1.0	1.0	0.0	1.0	1.0	0.6666666666666666
79	biology	0	graduate	1	b1	biology	expert-reading	1	1.0	1.0	0.0	1.0	0.0	0.0	0.6666666666666666	0.3333333333333333
79	biology	0	graduate	1	b2	biology	expert-reading	1	1.0	1.0	1.0	1.0	1.0	1.0	1.0	1.0
79	biology	0	graduate	1	b3	biology	expert-reading	1	1.0	1.0	1.0	1.0	0.0	1.0	1.0	0.6666666666666666
79	biology	0	graduate	1	b4	biology	expert-reading	1	1.0	1.0	1.0	1.0	1.0	0.0	1.0	0.6666666666666666
79	biology	0	graduate	1	b5	biology	expert-reading	1	1.0	1.0	1.0	1.0	1.0	1.0	1.0	1.0
79	biology	0	graduate	1	p0	physics	non-expert-reading	0	0.0	0.0	0.0	0.0	1.0	0.0	0.0	0.3333333333333333
79	biology	0	graduate	1	p1	physics	non-expert-reading	0	0.0	1.0	0.0	0.0	1.0	0.0	0.3333333333333333	0.3333333333333333
79	biology	0	graduate	1	p2	physics	non-expert-reading	0	1.0	1.0	0.0	0.0	0.0	0.0	0.6666666666666666	0.0
79	biology	0	graduate	1	p3	physics	non-expert-reading	0	0.0	1.0	1.0	1.0	0.0	0.0	0.6666666666666666	0.3333333333333333
79	biology	0	graduate	1	p4	physics	non-expert-reading	0	1.0	0.0	1.0	1.0	0.0	0.0	0.6666666666666666	0.3333333333333333
79	biology	0	graduate	1	p5	physics	non-expert-reading	0	0.0	1.0	1.0	1.0	0.0	1.0	0.6666666666666666	0.6666666666666666
80	biology	0	graduate	1	p2	physics	non-expert-reading	0	1.0	1.0	1.0	0.0	0.0	0.0	1.0	0.0
80	biology	0	graduate	1	p1	physics	non-expert-reading	0	0.0	0.0	0.0	0.0	0.0	0.0	0.0	0.0
80	biology	0	graduate	1	b1	biology	expert-reading	1	1.0	1.0	0.0	0.0	1.0	0.0	0.6666666666666666	0.3333333333333333
80	biology	0	graduate	1	p0	physics	non-expert-reading	0	0.0	1.0	0.0	0.0	1.0	0.0	0.3333333333333333	0.3333333333333333
80	biology	0	graduate	1	b5	biology	expert-reading	1	1.0	1.0	1.0	1.0	1.0	1.0	1.0	1.0
80	biology	0	graduate	1	b4	biology	expert-reading	1	0.0	1.0	1.0	1.0	0.0	0.0	0.6666666666666666	0.3333333333333333
80	biology	0	graduate	1	b3	biology	expert-reading	1	1.0	1.0	1.0	1.0	1.0	0.0	1.0	0.6666666666666666
80	biology	0	graduate	1	p5	physics	non-expert-reading	0	0.0	0.0	1.0	1.0	0.0	0.0	0.3333333333333333	0.3333333333333333
80	biology	0	graduate	1	p4	physics	non-expert-reading	0	0.0	1.0	1.0	0.0	0.0	0.0	0.6666666666666666	0.0
80	biology	0	graduate	1	p3	physics	non-expert-reading	0	0.0	1.0	1.0	0.0	0.0	1.0	0.6666666666666666	0.3333333333333333
80	biology	0	graduate	1	b0	biology	expert-reading	1	1.0	1.0	1.0	1.0	1.0	1.0	1.0	1.0
80	biology	0	graduate	1	b2	biology	expert-reading	1	1.0	1.0	1.0	0.0	1.0	1.0	1.0	0.6666666666666666
81	biology	0	graduate	1	p5	physics	non-expert-reading	0	0.0	1.0	1.0	0.0	1.0	1.0	0.6666666666666666	0.6666666666666666
81	biology	0	graduate	1	p4	physics	non-expert-reading	0	1.0	1.0	0.0	0.0	0.0	0.0	0.6666666666666666	0.0
81	biology	0	graduate	1	p3	physics	non-expert-reading	0	1.0	1.0	1.0	0.0	0.0	0.0	1.0	0.0
81	biology	0	graduate	1	b3	biology	expert-reading	1	1.0	1.0	0.0	0.0	1.0	1.0	0.6666666666666666	0.6666666666666666
81	biology	0	graduate	1	b0	biology	expert-reading	1	0.0	1.0	0.0	1.0	1.0	0.0	0.3333333333333333	0.6666666666666666
81	biology	0	graduate	1	b1	biology	expert-reading	1	1.0	1.0	1.0	0.0	0.0	1.0	1.0	0.3333333333333333
81	biology	0	graduate	1	p1	physics	non-expert-reading	0	0.0	1.0	0.0	1.0	0.0	0.0	0.3333333333333333	0.3333333333333333
81	biology	0	graduate	1	p0	physics	non-expert-reading	0	1.0	0.0	1.0	0.0	0.0	0.0	0.6666666666666666	0.0
81	biology	0	graduate	1	b5	biology	expert-reading	1	0.0	0.0	1.0	0.0	1.0	1.0	0.3333333333333333	0.6666666666666666
81	biology	0	graduate	1	b4	biology	expert-reading	1	0.0	1.0	1.0	1.0	1.0	1.0	0.6666666666666666	1.0
81	biology	0	graduate	1	b2	biology	expert-reading	1	1.0	0.0	1.0	1.0	1.0	1.0	0.6666666666666666	1.0
81	biology	0	graduate	1	p2	physics	non-expert-reading	0	1.0	1.0	1.0	1.0	0.0	0.0	1.0	0.3333333333333333
82	biology	0	graduate	1	b3	biology	expert-reading	1	1.0	1.0	1.0	1.0	1.0	1.0	1.0	1.0
82	biology	0	graduate	1	b0	biology	expert-reading	1	0.0	1.0	1.0	1.0	1.0	0.0	0.6666666666666666	0.6666666666666666
82	biology	0	graduate	1	b1	biology	expert-reading	1	1.0	1.0	1.0	0.0	0.0	0.0	1.0	0.0
82	biology	0	graduate	1	b2	biology	expert-reading	1	1.0	1.0	1.0	1.0	0.0	1.0	1.0	0.6666666666666666
82	biology	0	graduate	1	p4	physics	non-expert-reading	0	1.0	0.0	0.0	0.0	0.0	0.0	0.3333333333333333	0.0
82	biology	0	graduate	1	p0	physics	non-expert-reading	0	0.0	1.0	0.0	0.0	0.0	0.0	0.3333333333333333	0.0
82	biology	0	graduate	1	b5	biology	expert-reading	1	1.0	1.0	1.0	1.0	0.0	0.0	1.0	0.3333333333333333
82	biology	0	graduate	1	p5	physics	non-expert-reading	0	0.0	0.0	1.0	0.0	0.0	0.0	0.3333333333333333	0.0
82	biology	0	graduate	1	b4	biology	expert-reading	1	0.0	1.0	1.0	1.0	1.0	1.0	0.6666666666666666	1.0
82	biology	0	graduate	1	p2	physics	non-expert-reading	0	1.0	0.0	0.0	1.0	0.0	1.0	0.3333333333333333	0.6666666666666666
82	biology	0	graduate	1	p3	physics	non-expert-reading	0	1.0	0.0	1.0	0.0	0.0	1.0	0.6666666666666666	0.3333333333333333
82	biology	0	graduate	1	p1	physics	non-expert-reading	0	0.0	0.0	0.0	0.0	1.0	0.0	0.0	0.3333333333333333
83	biology	0	graduate	1	p2	physics	non-expert-reading	0	1.0	0.0	0.0	0.0	0.0	1.0	0.3333333333333333	0.3333333333333333
83	biology	0	graduate	1	b0	biology	expert-reading	1	0.0	1.0	0.0	1.0	0.0	1.0	0.3333333333333333	0.6666666666666666
83	biology	0	graduate	1	b1	biology	expert-reading	1	1.0	1.0	0.0	0.0	0.0	0.0	0.6666666666666666	0.0
83	biology	0	graduate	1	b2	biology	expert-reading	1	1.0	1.0	1.0	0.0	1.0	1.0	1.0	0.6666666666666666
83	biology	0	graduate	1	b3	biology	expert-reading	1	1.0	1.0	1.0	1.0	0.0	0.0	1.0	0.3333333333333333
83	biology	0	graduate	1	b4	biology	expert-reading	1	1.0	1.0	1.0	1.0	1.0	1.0	1.0	1.0
83	biology	0	graduate	1	b5	biology	expert-reading	1	1.0	1.0	1.0	0.0	1.0	1.0	1.0	0.6666666666666666
83	biology	0	graduate	1	p0	physics	non-expert-reading	0	1.0	0.0	1.0	0.0	1.0	1.0	0.6666666666666666	0.6666666666666666
83	biology	0	graduate	1	p1	physics	non-expert-reading	0	0.0	0.0	0.0	0.0	0.0	0.0	0.0	0.0
83	biology	0	graduate	1	p3	physics	non-expert-reading	0	0.0	0.0	1.0	1.0	0.0	0.0	0.3333333333333333	0.3333333333333333
83	biology	0	graduate	1	p4	physics	non-expert-reading	0	1.0	1.0	0.0	0.0	1.0	0.0	0.6666666666666666	0.3333333333333333
83	biology	0	graduate	1	p5	physics	non-expert-reading	0	1.0	0.0	1.0	0.0	0.0	0.0	0.6666666666666666	0.0
84	biology	0	graduate	1	p3	physics	non-expert-reading	0	1.0	0.0	1.0	0.0	0.0	1.0	0.6666666666666666	0.3333333333333333
84	biology	0	graduate	1	b3	biology	expert-reading	1	0.0	1.0	1.0	1.0	0.0	0.0	0.6666666666666666	0.3333333333333333
84	biology	0	graduate	1	p5	physics	non-expert-reading	0	0.0	0.0	0.0	0.0	0.0	1.0	0.0	0.3333333333333333
84	biology	0	graduate	1	p2	physics	non-expert-reading	0	1.0	0.0	0.0	1.0	0.0	1.0	0.3333333333333333	0.6666666666666666
84	biology	0	graduate	1	p4	physics	non-expert-reading	0	0.0	0.0	0.0	0.0	0.0	0.0	0.0	0.0
84	biology	0	graduate	1	p1	physics	non-expert-reading	0	0.0	1.0	1.0	1.0	0.0	0.0	0.6666666666666666	0.3333333333333333
84	biology	0	graduate	1	b1	biology	expert-reading	1	1.0	0.0	0.0	1.0	0.0	0.0	0.3333333333333333	0.3333333333333333
84	biology	0	graduate	1	b5	biology	expert-reading	1	1.0	0.0	1.0	0.0	1.0	0.0	0.6666666666666666	0.3333333333333333
84	biology	0	graduate	1	b4	biology	expert-reading	1	0.0	1.0	1.0	1.0	1.0	1.0	0.6666666666666666	1.0
84	biology	0	graduate	1	b2	biology	expert-reading	1	1.0	1.0	1.0	0.0	1.0	1.0	1.0	0.6666666666666666
84	biology	0	graduate	1	b0	biology	expert-reading	1	0.0	1.0	1.0	1.0	0.0	0.0	0.6666666666666666	0.3333333333333333
84	biology	0	graduate	1	p0	physics	non-expert-reading	0	0.0	0.0	0.0	0.0	0.0	0.0	0.0	0.0
85	biology	0	graduate	1	b0	biology	expert-reading	1	1.0	1.0	1.0	1.0	1.0	1.0	1.0	1.0
85	biology	0	graduate	1	b1	biology	expert-reading	1	1.0	1.0	0.0	0.0	1.0	1.0	0.6666666666666666	0.6666666666666666
85	biology	0	graduate	1	b2	biology	expert-reading	1	1.0	1.0	1.0	0.0	1.0	1.0	1.0	0.6666666666666666
85	biology	0	graduate	1	b3	biology	expert-reading	1	0.0	0.0	1.0	1.0	0.0	0.0	0.3333333333333333	0.3333333333333333
85	biology	0	graduate	1	b4	biology	expert-reading	1	1.0	1.0	1.0	1.0	1.0	0.0	1.0	0.6666666666666666
85	biology	0	graduate	1	b5	biology	expert-reading	1	1.0	1.0	1.0	0.0	1.0	1.0	1.0	0.6666666666666666
85	biology	0	graduate	1	p0	physics	non-expert-reading	0	0.0	1.0	0.0	0.0	0.0	1.0	0.3333333333333333	0.3333333333333333
85	biology	0	graduate	1	p1	physics	non-expert-reading	0	0.0	0.0	0.0	0.0	0.0	0.0	0.0	0.0
85	biology	0	graduate	1	p4	physics	non-expert-reading	0	1.0	0.0	1.0	0.0	0.0	0.0	0.6666666666666666	0.0
85	biology	0	graduate	1	p3	physics	non-expert-reading	0	1.0	0.0	0.0	0.0	0.0	0.0	0.3333333333333333	0.0
85	biology	0	graduate	1	p2	physics	non-expert-reading	0	0.0	0.0	0.0	0.0	0.0	1.0	0.0	0.3333333333333333
85	biology	0	graduate	1	p5	physics	non-expert-reading	0	1.0	0.0	0.0	0.0	0.0	0.0	0.3333333333333333	0.0
87	biology	0	graduate	1	p5	physics	non-expert-reading	0	1.0	0.0	1.0	0.0	0.0	1.0	0.6666666666666666	0.3333333333333333
87	biology	0	graduate	1	p4	physics	non-expert-reading	0	1.0	0.0	0.0	0.0	0.0	0.0	0.3333333333333333	0.0
87	biology	0	graduate	1	p3	physics	non-expert-reading	0	1.0	1.0	1.0	0.0	0.0	0.0	1.0	0.0
87	biology	0	graduate	1	p2	physics	non-expert-reading	0	0.0	1.0	1.0	0.0	0.0	0.0	0.6666666666666666	0.0
87	biology	0	graduate	1	p1	physics	non-expert-reading	0	0.0	0.0	0.0	0.0	0.0	0.0	0.0	0.0
87	biology	0	graduate	1	b0	biology	expert-reading	1	1.0	1.0	0.0	1.0	0.0	0.0	0.6666666666666666	0.3333333333333333
87	biology	0	graduate	1	b5	biology	expert-reading	1	1.0	0.0	1.0	0.0	0.0	1.0	0.6666666666666666	0.3333333333333333
87	biology	0	graduate	1	b4	biology	expert-reading	1	1.0	1.0	1.0	1.0	0.0	0.0	1.0	0.3333333333333333
87	biology	0	graduate	1	b3	biology	expert-reading	1	0.0	1.0	1.0	0.0	0.0	0.0	0.6666666666666666	0.0
87	biology	0	graduate	1	b2	biology	expert-reading	1	1.0	1.0	1.0	0.0	1.0	1.0	1.0	0.6666666666666666
87	biology	0	graduate	1	p0	physics	non-expert-reading	0	0.0	0.0	1.0	1.0	0.0	0.0	0.3333333333333333	0.3333333333333333
87	biology	0	graduate	1	b1	biology	expert-reading	1	1.0	1.0	1.0	0.0	0.0	0.0	1.0	0.0
90	biology	0	undergraduate	0	p5	physics	non-expert-reading	0	1.0	0.0	1.0	1.0	0.0	0.0	0.6666666666666666	0.3333333333333333
90	biology	0	undergraduate	0	p4	physics	non-expert-reading	0	1.0	1.0	0.0	0.0	0.0	0.0	0.6666666666666666	0.0
90	biology	0	undergraduate	0	p3	physics	non-expert-reading	0	1.0	1.0	1.0	0.0	0.0	1.0	1.0	0.3333333333333333
90	biology	0	undergraduate	0	p2	physics	non-expert-reading	0	0.0	1.0	1.0	1.0	1.0	0.0	0.6666666666666666	0.6666666666666666
90	biology	0	undergraduate	0	p1	physics	non-expert-reading	0	0.0	1.0	0.0	0.0	0.0	0.0	0.3333333333333333	0.0
90	biology	0	undergraduate	0	p0	physics	non-expert-reading	0	1.0	0.0	0.0	1.0	0.0	0.0	0.3333333333333333	0.3333333333333333
90	biology	0	undergraduate	0	b5	biology	non-expert-reading	0	1.0	0.0	1.0	0.0	1.0	0.0	0.6666666666666666	0.3333333333333333
90	biology	0	undergraduate	0	b3	biology	non-expert-reading	0								
90	biology	0	undergraduate	0	b2	biology	non-expert-reading	0	1.0	1.0	1.0	1.0	1.0	1.0	1.0	1.0
90	biology	0	undergraduate	0	b1	biology	non-expert-reading	0	1.0	1.0	1.0	0.0	0.0	1.0	1.0	0.3333333333333333
90	biology	0	undergraduate	0	b0	biology	non-expert-reading	0	1.0	1.0	0.0	0.0	0.0	0.0	0.6666666666666666	0.0
90	biology	0	undergraduate	0	b4	biology	non-expert-reading	0	1.0	1.0	1.0	1.0	1.0	1.0	1.0	1.0
91	biology	0	undergraduate	0	p4	physics	non-expert-reading	0	1.0	0.0	0.0	1.0	0.0	0.0	0.3333333333333333	0.3333333333333333
91	biology	0	undergraduate	0	p3	physics	non-expert-reading	0	1.0	1.0	1.0	0.0	1.0	1.0	1.0	0.6666666666666666
91	biology	0	undergraduate	0	p2	physics	non-expert-reading	0	1.0	0.0	1.0	0.0	0.0	0.0	0.6666666666666666	0.0
91	biology	0	undergraduate	0	p5	physics	non-expert-reading	0	1.0	0.0	0.0	0.0	0.0	0.0	0.3333333333333333	0.0
91	biology	0	undergraduate	0	p0	physics	non-expert-reading	0	1.0	1.0	1.0	0.0	1.0	0.0	1.0	0.3333333333333333
91	biology	0	undergraduate	0	p1	physics	non-expert-reading	0	0.0	0.0	0.0	1.0	1.0	1.0	0.0	1.0
91	biology	0	undergraduate	0	b4	biology	non-expert-reading	0	1.0	1.0	1.0	1.0	1.0	1.0	1.0	1.0
91	biology	0	undergraduate	0	b5	biology	non-expert-reading	0	0.0	1.0	1.0	0.0	1.0	0.0	0.6666666666666666	0.3333333333333333
91	biology	0	undergraduate	0	b0	biology	non-expert-reading	0	1.0	1.0	1.0	0.0	0.0	0.0	1.0	0.0
91	biology	0	undergraduate	0	b3	biology	non-expert-reading	0	0.0	1.0	1.0	1.0	0.0	1.0	0.6666666666666666	0.6666666666666666
91	biology	0	undergraduate	0	b1	biology	non-expert-reading	0	1.0	1.0	1.0	0.0	1.0	0.0	1.0	0.3333333333333333
91	biology	0	undergraduate	0	b2	biology	non-expert-reading	0	1.0	1.0	1.0	0.0	1.0	0.0	1.0	0.3333333333333333
92	biology	0	undergraduate	0	p3	physics	non-expert-reading	0	1.0	1.0	1.0	0.0	0.0	1.0	1.0	0.3333333333333333
92	biology	0	undergraduate	0	p5	physics	non-expert-reading	0	1.0	0.0	1.0	0.0	0.0	0.0	0.6666666666666666	0.0
92	biology	0	undergraduate	0	p4	physics	non-expert-reading	0	1.0	1.0	1.0	1.0	1.0	0.0	1.0	0.6666666666666666
92	biology	0	undergraduate	0	p2	physics	non-expert-reading	0	1.0	1.0	1.0	0.0	1.0	1.0	1.0	0.6666666666666666
92	biology	0	undergraduate	0	p0	physics	non-expert-reading	0	0.0	0.0	1.0	1.0	0.0	0.0	0.3333333333333333	0.3333333333333333
92	biology	0	undergraduate	0	p1	physics	non-expert-reading	0	0.0	1.0	0.0	0.0	0.0	0.0	0.3333333333333333	0.0
92	biology	0	undergraduate	0	b4	biology	non-expert-reading	0	0.0	1.0	1.0	0.0	1.0	1.0	0.6666666666666666	0.6666666666666666
92	biology	0	undergraduate	0	b3	biology	non-expert-reading	0	1.0	1.0	1.0	1.0	0.0	1.0	1.0	0.6666666666666666
92	biology	0	undergraduate	0	b2	biology	non-expert-reading	0	1.0	1.0	1.0	1.0	1.0	1.0	1.0	1.0
92	biology	0	undergraduate	0	b1	biology	non-expert-reading	0	1.0	1.0	1.0	0.0	0.0	0.0	1.0	0.0
92	biology	0	undergraduate	0	b0	biology	non-expert-reading	0	1.0	1.0	0.0	0.0	0.0	0.0	0.6666666666666666	0.0
92	biology	0	undergraduate	0	b5	biology	non-expert-reading	0	1.0	1.0	1.0	0.0	1.0	0.0	1.0	0.3333333333333333
93	biology	0	undergraduate	0	p5	physics	non-expert-reading	0	0.0	1.0	1.0	0.0	0.0	0.0	0.6666666666666666	0.0
93	biology	0	undergraduate	0	b0	biology	non-expert-reading	0	1.0	1.0	1.0	0.0	0.0	0.0	1.0	0.0
93	biology	0	undergraduate	0	b1	biology	non-expert-reading	0	1.0	1.0	1.0	0.0	0.0	1.0	1.0	0.3333333333333333
93	biology	0	undergraduate	0	b2	biology	non-expert-reading	0	1.0	0.0	0.0	0.0	1.0	1.0	0.3333333333333333	0.6666666666666666
93	biology	0	undergraduate	0	b3	biology	non-expert-reading	0	0.0	1.0	1.0	1.0	0.0	0.0	0.6666666666666666	0.3333333333333333
93	biology	0	undergraduate	0	b4	biology	non-expert-reading	0	0.0	1.0	1.0	1.0	0.0	0.0	0.6666666666666666	0.3333333333333333
93	biology	0	undergraduate	0	b5	biology	non-expert-reading	0	1.0	0.0	1.0	1.0	1.0	0.0	0.6666666666666666	0.6666666666666666
93	biology	0	undergraduate	0	p0	physics	non-expert-reading	0	1.0	0.0	0.0	0.0	0.0	0.0	0.3333333333333333	0.0
93	biology	0	undergraduate	0	p1	physics	non-expert-reading	0	0.0	0.0	0.0	0.0	0.0	0.0	0.0	0.0
93	biology	0	undergraduate	0	p4	physics	non-expert-reading	0	1.0	0.0	1.0	1.0	0.0	0.0	0.6666666666666666	0.3333333333333333
93	biology	0	undergraduate	0	p3	physics	non-expert-reading	0	0.0	1.0	1.0	0.0	0.0	0.0	0.6666666666666666	0.0
93	biology	0	undergraduate	0	p2	physics	non-expert-reading	0	1.0	0.0	1.0	1.0	1.0	1.0	0.6666666666666666	1.0
94	biology	0	undergraduate	0	p4	physics	non-expert-reading	0	1.0	1.0	1.0	0.0	0.0	0.0	1.0	0.0
94	biology	0	undergraduate	0	b0	biology	non-expert-reading	0	1.0	1.0	1.0	1.0	1.0	0.0	1.0	0.6666666666666666
94	biology	0	undergraduate	0	b1	biology	non-expert-reading	0	1.0	0.0	0.0	1.0	0.0	1.0	0.3333333333333333	0.6666666666666666
94	biology	0	undergraduate	0	b2	biology	non-expert-reading	0	1.0	1.0	1.0	1.0	1.0	1.0	1.0	1.0
94	biology	0	undergraduate	0	b3	biology	non-expert-reading	0	1.0	1.0	1.0	1.0	0.0	0.0	1.0	0.3333333333333333
94	biology	0	undergraduate	0	b4	biology	non-expert-reading	0	1.0	1.0	1.0	1.0	1.0	1.0	1.0	1.0
94	biology	0	undergraduate	0	p0	physics	non-expert-reading	0	0.0	1.0	1.0	0.0	0.0	0.0	0.6666666666666666	0.0
94	biology	0	undergraduate	0	p1	physics	non-expert-reading	0	0.0	0.0	0.0	0.0	0.0	1.0	0.0	0.3333333333333333
94	biology	0	undergraduate	0	p2	physics	non-expert-reading	0	1.0	0.0	1.0	0.0	0.0	0.0	0.6666666666666666	0.0
94	biology	0	undergraduate	0	p3	physics	non-expert-reading	0	1.0	1.0	1.0	0.0	0.0	1.0	1.0	0.3333333333333333
94	biology	0	undergraduate	0	b5	biology	non-expert-reading	0	1.0	1.0	0.0	0.0	1.0	0.0	0.6666666666666666	0.3333333333333333
94	biology	0	undergraduate	0	p5	physics	non-expert-reading	0	1.0	0.0	1.0	1.0	0.0	0.0	0.6666666666666666	0.3333333333333333
95	biology	0	undergraduate	0	p4	physics	non-expert-reading	0	1.0	1.0	1.0	0.0	0.0	0.0	1.0	0.0
95	biology	0	undergraduate	0	p3	physics	non-expert-reading	0	1.0	1.0	1.0	1.0	0.0	1.0	1.0	0.6666666666666666
95	biology	0	undergraduate	0	b0	biology	non-expert-reading	0	1.0	1.0	0.0	1.0	0.0	1.0	0.6666666666666666	0.6666666666666666
95	biology	0	undergraduate	0	b1	biology	non-expert-reading	0	1.0	0.0	1.0	0.0	0.0	0.0	0.6666666666666666	0.0
95	biology	0	undergraduate	0	b2	biology	non-expert-reading	0	1.0	1.0	0.0	0.0	1.0	1.0	0.6666666666666666	0.6666666666666666
95	biology	0	undergraduate	0	b3	biology	non-expert-reading	0	1.0	0.0	0.0	1.0	0.0	1.0	0.3333333333333333	0.6666666666666666
95	biology	0	undergraduate	0	p5	physics	non-expert-reading	0	0.0	1.0	0.0	0.0	0.0	1.0	0.3333333333333333	0.3333333333333333
95	biology	0	undergraduate	0	b5	biology	non-expert-reading	0	1.0	1.0	0.0	0.0	0.0	0.0	0.6666666666666666	0.0
95	biology	0	undergraduate	0	p0	physics	non-expert-reading	0	1.0	0.0	0.0	1.0	1.0	0.0	0.3333333333333333	0.6666666666666666
95	biology	0	undergraduate	0	p1	physics	non-expert-reading	0	1.0	1.0	0.0	0.0	1.0	1.0	0.6666666666666666	0.6666666666666666
95	biology	0	undergraduate	0	p2	physics	non-expert-reading	0	0.0	0.0	1.0	0.0	1.0	0.0	0.3333333333333333	0.3333333333333333
95	biology	0	undergraduate	0	b4	biology	non-expert-reading	0	1.0	0.0	1.0	1.0	1.0	1.0	0.6666666666666666	1.0
96	biology	0	undergraduate	0	p5	physics	non-expert-reading	0	1.0	0.0	1.0	0.0	0.0	0.0	0.6666666666666666	0.0
96	biology	0	undergraduate	0	b2	biology	non-expert-reading	0	1.0	1.0	1.0	0.0	1.0	1.0	1.0	0.6666666666666666
96	biology	0	undergraduate	0	b3	biology	non-expert-reading	0	1.0	1.0	1.0	1.0	1.0	1.0	1.0	1.0
96	biology	0	undergraduate	0	b4	biology	non-expert-reading	0	1.0	1.0	1.0	1.0	1.0	0.0	1.0	0.6666666666666666
96	biology	0	undergraduate	0	b5	biology	non-expert-reading	0	1.0	1.0	1.0	0.0	1.0	0.0	1.0	0.3333333333333333
96	biology	0	undergraduate	0	p0	physics	non-expert-reading	0	0.0	0.0	0.0	0.0	1.0	0.0	0.0	0.3333333333333333
96	biology	0	undergraduate	0	p1	physics	non-expert-reading	0	0.0	1.0	0.0	1.0	0.0	0.0	0.3333333333333333	0.3333333333333333
96	biology	0	undergraduate	0	p2	physics	non-expert-reading	0	1.0	1.0	1.0	0.0	0.0	0.0	1.0	0.0
96	biology	0	undergraduate	0	p3	physics	non-expert-reading	0	1.0	1.0	0.0	1.0	0.0	1.0	0.6666666666666666	0.6666666666666666
96	biology	0	undergraduate	0	p4	physics	non-expert-reading	0	1.0	0.0	1.0	1.0	0.0	0.0	0.6666666666666666	0.3333333333333333
96	biology	0	undergraduate	0	b1	biology	non-expert-reading	0	1.0	0.0	1.0	0.0	0.0	1.0	0.6666666666666666	0.3333333333333333
96	biology	0	undergraduate	0	b0	biology	non-expert-reading	0	0.0	1.0	0.0	1.0	1.0	1.0	0.3333333333333333	1.0
97	biology	0	undergraduate	0	b3	biology	non-expert-reading	0	0.0	1.0	1.0	1.0	0.0	1.0	0.6666666666666666	0.6666666666666666
97	biology	0	undergraduate	0	b0	biology	non-expert-reading	0	0.0	1.0	0.0	0.0	1.0	0.0	0.3333333333333333	0.3333333333333333
97	biology	0	undergraduate	0	b1	biology	non-expert-reading	0	1.0	1.0	0.0	0.0	0.0	1.0	0.6666666666666666	0.3333333333333333
97	biology	0	undergraduate	0	b2	biology	non-expert-reading	0	1.0	0.0	1.0	0.0	1.0	1.0	0.6666666666666666	0.6666666666666666
97	biology	0	undergraduate	0	b4	biology	non-expert-reading	0	0.0	0.0	1.0	0.0	0.0	0.0	0.3333333333333333	0.0
97	biology	0	undergraduate	0	p5	physics	non-expert-reading	0	0.0	1.0	1.0	0.0	0.0	0.0	0.6666666666666666	0.0
97	biology	0	undergraduate	0	p4	physics	non-expert-reading	0	0.0	1.0	0.0	0.0	1.0	0.0	0.3333333333333333	0.3333333333333333
97	biology	0	undergraduate	0	p3	physics	non-expert-reading	0	0.0	1.0	0.0	1.0	0.0	1.0	0.3333333333333333	0.6666666666666666
97	biology	0	undergraduate	0	p2	physics	non-expert-reading	0	1.0	0.0	0.0	1.0	0.0	0.0	0.3333333333333333	0.3333333333333333
97	biology	0	undergraduate	0	p1	physics	non-expert-reading	0	1.0	0.0	0.0	0.0	0.0	1.0	0.3333333333333333	0.3333333333333333
97	biology	0	undergraduate	0	p0	physics	non-expert-reading	0	1.0	0.0	0.0	0.0	0.0	0.0	0.3333333333333333	0.0
97	biology	0	undergraduate	0	b5	biology	non-expert-reading	0	0.0	1.0	0.0	0.0	0.0	1.0	0.3333333333333333	0.3333333333333333
98	biology	0	undergraduate	0	p5	physics	non-expert-reading	0	1.0	0.0	1.0	0.0	0.0	1.0	0.6666666666666666	0.3333333333333333
98	biology	0	undergraduate	0	p4	physics	non-expert-reading	0	1.0	0.0	1.0	0.0	0.0	0.0	0.6666666666666666	0.0
98	biology	0	undergraduate	0	p2	physics	non-expert-reading	0	0.0	0.0	1.0	0.0	0.0	1.0	0.3333333333333333	0.3333333333333333
98	biology	0	undergraduate	0	p1	physics	non-expert-reading	0	0.0	0.0	0.0	0.0	1.0	1.0	0.0	0.6666666666666666
98	biology	0	undergraduate	0	b1	biology	non-expert-reading	0	1.0	1.0	1.0	0.0	0.0	0.0	1.0	0.0
98	biology	0	undergraduate	0	b0	biology	non-expert-reading	0	1.0	0.0	0.0	1.0	1.0	0.0	0.3333333333333333	0.6666666666666666
98	biology	0	undergraduate	0	p0	physics	non-expert-reading	0	0.0	0.0	1.0	1.0	0.0	0.0	0.3333333333333333	0.3333333333333333
98	biology	0	undergraduate	0	b5	biology	non-expert-reading	0	1.0	1.0	0.0	0.0	0.0	0.0	0.6666666666666666	0.0
98	biology	0	undergraduate	0	p3	physics	non-expert-reading	0	0.0	1.0	1.0	0.0	1.0	0.0	0.6666666666666666	0.3333333333333333
98	biology	0	undergraduate	0	b3	biology	non-expert-reading	0	1.0	1.0	1.0	0.0	0.0	1.0	1.0	0.3333333333333333
98	biology	0	undergraduate	0	b2	biology	non-expert-reading	0	1.0	1.0	0.0	1.0	1.0	0.0	0.6666666666666666	0.6666666666666666
98	biology	0	undergraduate	0	b4	biology	non-expert-reading	0	0.0	0.0	1.0	1.0	0.0	0.0	0.3333333333333333	0.3333333333333333
99	biology	0	undergraduate	0	b0	biology	non-expert-reading	0	0.0	1.0	0.0	0.0	0.0	1.0	0.3333333333333333	0.3333333333333333
99	biology	0	undergraduate	0	b1	biology	non-expert-reading	0	1.0	0.0	0.0	0.0	0.0	1.0	0.3333333333333333	0.3333333333333333
99	biology	0	undergraduate	0	b3	biology	non-expert-reading	0	1.0	1.0	0.0	0.0	1.0	0.0	0.6666666666666666	0.3333333333333333
99	biology	0	undergraduate	0	b4	biology	non-expert-reading	0	0.0	1.0	1.0	0.0	0.0	0.0	0.6666666666666666	0.0
99	biology	0	undergraduate	0	b5	biology	non-expert-reading	0	1.0	1.0	0.0	0.0	0.0	0.0	0.6666666666666666	0.0
99	biology	0	undergraduate	0	p0	physics	non-expert-reading	0	1.0	0.0	0.0	0.0	1.0	0.0	0.3333333333333333	0.3333333333333333
99	biology	0	undergraduate	0	p1	physics	non-expert-reading	0	0.0	1.0	0.0	0.0	0.0	0.0	0.3333333333333333	0.0
99	biology	0	undergraduate	0	p2	physics	non-expert-reading	0	1.0	1.0	1.0	0.0	1.0	0.0	1.0	0.3333333333333333
99	biology	0	undergraduate	0	p3	physics	non-expert-reading	0	0.0	1.0	1.0	0.0	0.0	1.0	0.6666666666666666	0.3333333333333333
99	biology	0	undergraduate	0	b2	biology	non-expert-reading	0	1.0	1.0	1.0	0.0	1.0	0.0	1.0	0.3333333333333333
99	biology	0	undergraduate	0	p5	physics	non-expert-reading	0	0.0	0.0	1.0	0.0	0.0	1.0	0.3333333333333333	0.3333333333333333
99	biology	0	undergraduate	0	p4	physics	non-expert-reading	0	0.0	1.0	1.0	0.0	0.0	0.0	0.6666666666666666	0.0
100	biology	0	undergraduate	0	b0	biology	non-expert-reading	0	0.0	1.0	0.0	0.0	1.0	0.0	0.3333333333333333	0.3333333333333333
100	biology	0	undergraduate	0	p5	physics	non-expert-reading	0	0.0	0.0	1.0	0.0	0.0	0.0	0.3333333333333333	0.0
100	biology	0	undergraduate	0	p4	physics	non-expert-reading	0	1.0	1.0	1.0	0.0	0.0	0.0	1.0	0.0
100	biology	0	undergraduate	0	p3	physics	non-expert-reading	0	1.0	1.0	1.0	0.0	1.0	0.0	1.0	0.3333333333333333
100	biology	0	undergraduate	0	p2	physics	non-expert-reading	0	1.0	1.0	1.0	1.0	0.0	0.0	1.0	0.3333333333333333
100	biology	0	undergraduate	0	b1	biology	non-expert-reading	0	1.0	1.0	1.0	0.0	0.0	0.0	1.0	0.0
100	biology	0	undergraduate	0	p0	physics	non-expert-reading	0	1.0	0.0	0.0	0.0	1.0	1.0	0.3333333333333333	0.6666666666666666
100	biology	0	undergraduate	0	b5	biology	non-expert-reading	0	1.0	0.0	1.0	0.0	1.0	1.0	0.6666666666666666	0.6666666666666666
100	biology	0	undergraduate	0	b4	biology	non-expert-reading	0	0.0	1.0	1.0	0.0	1.0	0.0	0.6666666666666666	0.3333333333333333
100	biology	0	undergraduate	0	b3	biology	non-expert-reading	0	1.0	1.0	1.0	1.0	1.0	0.0	1.0	0.6666666666666666
100	biology	0	undergraduate	0	b2	biology	non-expert-reading	0	1.0	1.0	1.0	0.0	1.0	1.0	1.0	0.6666666666666666
100	biology	0	undergraduate	0	p1	physics	non-expert-reading	0	0.0	1.0	0.0	1.0	0.0	0.0	0.3333333333333333	0.3333333333333333
101	biology	0	undergraduate	0	p5	physics	non-expert-reading	0	0.0	0.0	1.0	0.0	0.0	0.0	0.3333333333333333	0.0
101	biology	0	undergraduate	0	p3	physics	non-expert-reading	0	1.0	0.0	0.0	0.0	0.0	1.0	0.3333333333333333	0.3333333333333333
101	biology	0	undergraduate	0	p2	physics	non-expert-reading	0	0.0	0.0	0.0	0.0	1.0	1.0	0.0	0.6666666666666666
101	biology	0	undergraduate	0	p1	physics	non-expert-reading	0	1.0	0.0	1.0	0.0	1.0	0.0	0.6666666666666666	0.3333333333333333
101	biology	0	undergraduate	0	p4	physics	non-expert-reading	0	0.0	0.0	1.0	0.0	0.0	0.0	0.3333333333333333	0.0
101	biology	0	undergraduate	0	b5	biology	non-expert-reading	0	0.0	0.0	1.0	0.0	0.0	0.0	0.3333333333333333	0.0
101	biology	0	undergraduate	0	b4	biology	non-expert-reading	0	0.0	1.0	1.0	0.0	1.0	1.0	0.6666666666666666	0.6666666666666666
101	biology	0	undergraduate	0	b3	biology	non-expert-reading	0	0.0	1.0	1.0	0.0	0.0	0.0	0.6666666666666666	0.0
101	biology	0	undergraduate	0	b0	biology	non-expert-reading	0	0.0	1.0	0.0	0.0	0.0	0.0	0.3333333333333333	0.0
101	biology	0	undergraduate	0	b2	biology	non-expert-reading	0	1.0	0.0	0.0	1.0	0.0	1.0	0.3333333333333333	0.6666666666666666
101	biology	0	undergraduate	0	b1	biology	non-expert-reading	0	1.0	0.0	0.0	0.0	0.0	0.0	0.3333333333333333	0.0
101	biology	0	undergraduate	0	p0	physics	non-expert-reading	0	0.0	0.0	1.0	0.0	0.0	0.0	0.3333333333333333	0.0
102	biology	0	undergraduate	0	p5	physics	non-expert-reading	0	1.0	1.0	1.0	0.0	0.0	1.0	1.0	0.3333333333333333
102	biology	0	undergraduate	0	p4	physics	non-expert-reading	0	0.0	1.0	1.0	1.0	0.0	0.0	0.6666666666666666	0.3333333333333333
102	biology	0	undergraduate	0	p3	physics	non-expert-reading	0	0.0	1.0	0.0	0.0	1.0	0.0	0.3333333333333333	0.3333333333333333
102	biology	0	undergraduate	0	p2	physics	non-expert-reading	0	1.0	0.0	1.0	0.0	1.0	0.0	0.6666666666666666	0.3333333333333333
102	biology	0	undergraduate	0	p1	physics	non-expert-reading	0	0.0	1.0	0.0	0.0	1.0	0.0	0.3333333333333333	0.3333333333333333
102	biology	0	undergraduate	0	p0	physics	non-expert-reading	0	1.0	0.0	0.0	0.0	0.0	0.0	0.3333333333333333	0.0
102	biology	0	undergraduate	0	b4	biology	non-expert-reading	0	1.0	0.0	1.0	1.0	0.0	0.0	0.6666666666666666	0.3333333333333333
102	biology	0	undergraduate	0	b3	biology	non-expert-reading	0	1.0	1.0	1.0	1.0	0.0	0.0	1.0	0.3333333333333333
102	biology	0	undergraduate	0	b2	biology	non-expert-reading	0	1.0	0.0	1.0	1.0	1.0	1.0	0.6666666666666666	1.0
102	biology	0	undergraduate	0	b1	biology	non-expert-reading	0	1.0	1.0	1.0	0.0	1.0	1.0	1.0	0.6666666666666666
102	biology	0	undergraduate	0	b5	biology	non-expert-reading	0	1.0	1.0	1.0	1.0	1.0	1.0	1.0	1.0
102	biology	0	undergraduate	0	b0	biology	non-expert-reading	0	1.0	1.0	0.0	0.0	0.0	0.0	0.6666666666666666	0.0
103	biology	0	undergraduate	0	p5	physics	non-expert-reading	0	1.0	1.0	1.0	0.0	0.0	0.0	1.0	0.0
103	biology	0	undergraduate	0	p0	physics	non-expert-reading	0	0.0	0.0	0.0	0.0	0.0	0.0	0.0	0.0
103	biology	0	undergraduate	0	p4	physics	non-expert-reading	0	1.0	1.0	0.0	0.0	0.0	0.0	0.6666666666666666	0.0
103	biology	0	undergraduate	0	p3	physics	non-expert-reading	0	1.0	0.0	1.0	1.0	1.0	1.0	0.6666666666666666	1.0
103	biology	0	undergraduate	0	p2	physics	non-expert-reading	0	1.0	1.0	1.0	0.0	0.0	0.0	1.0	0.0
103	biology	0	undergraduate	0	p1	physics	non-expert-reading	0	0.0	0.0	0.0	0.0	1.0	0.0	0.0	0.3333333333333333
103	biology	0	undergraduate	0	b0	biology	non-expert-reading	0	1.0	1.0	1.0	0.0	1.0	0.0	1.0	0.3333333333333333
103	biology	0	undergraduate	0	b4	biology	non-expert-reading	0	1.0	1.0	1.0	0.0	0.0	0.0	1.0	0.0
103	biology	0	undergraduate	0	b3	biology	non-expert-reading	0	0.0	0.0	1.0	1.0	0.0	0.0	0.3333333333333333	0.3333333333333333
103	biology	0	undergraduate	0	b2	biology	non-expert-reading	0	1.0	0.0	1.0	0.0	1.0	1.0	0.6666666666666666	0.6666666666666666
103	biology	0	undergraduate	0	b1	biology	non-expert-reading	0	1.0	1.0	0.0	0.0	0.0	0.0	0.6666666666666666	0.0
103	biology	0	undergraduate	0	b5	biology	non-expert-reading	0	1.0	1.0	0.0	1.0	1.0	1.0	0.6666666666666666	1.0
104	biology	0	undergraduate	0	p5	physics	non-expert-reading	0	0.0	0.0	1.0	0.0	0.0	0.0	0.3333333333333333	0.0
104	biology	0	undergraduate	0	p4	physics	non-expert-reading	0	0.0	1.0	1.0	1.0	0.0	0.0	0.6666666666666666	0.3333333333333333
104	biology	0	undergraduate	0	p2	physics	non-expert-reading	0	1.0	0.0	0.0	0.0	0.0	0.0	0.3333333333333333	0.0
104	biology	0	undergraduate	0	p1	physics	non-expert-reading	0	0.0	0.0	1.0	0.0	1.0	0.0	0.3333333333333333	0.3333333333333333
104	biology	0	undergraduate	0	p0	physics	non-expert-reading	0	0.0	0.0	1.0	0.0	1.0	0.0	0.3333333333333333	0.3333333333333333
104	biology	0	undergraduate	0	p3	physics	non-expert-reading	0	0.0	1.0	1.0	1.0	0.0	0.0	0.6666666666666666	0.3333333333333333
104	biology	0	undergraduate	0	b4	biology	non-expert-reading	0	1.0	1.0	1.0	0.0	0.0	1.0	1.0	0.3333333333333333
104	biology	0	undergraduate	0	b3	biology	non-expert-reading	0	0.0	1.0	1.0	0.0	1.0	1.0	0.6666666666666666	0.6666666666666666
104	biology	0	undergraduate	0	b2	biology	non-expert-reading	0	1.0	1.0	0.0	1.0	1.0	1.0	0.6666666666666666	1.0
104	biology	0	undergraduate	0	b1	biology	non-expert-reading	0	1.0	1.0	1.0	0.0	0.0	0.0	1.0	0.0
104	biology	0	undergraduate	0	b0	biology	non-expert-reading	0	1.0	1.0	1.0	1.0	0.0	1.0	1.0	0.6666666666666666
104	biology	0	undergraduate	0	b5	biology	non-expert-reading	0	1.0	1.0	1.0	0.0	1.0	0.0	1.0	0.3333333333333333
105	biology	0	undergraduate	0	p3	physics	non-expert-reading	0	0.0	0.0	1.0	0.0	0.0	1.0	0.3333333333333333	0.3333333333333333
105	biology	0	undergraduate	0	p2	physics	non-expert-reading	0	0.0	1.0	1.0	0.0	1.0	0.0	0.6666666666666666	0.3333333333333333
105	biology	0	undergraduate	0	p1	physics	non-expert-reading	0	0.0	1.0	1.0	0.0	0.0	0.0	0.6666666666666666	0.0
105	biology	0	undergraduate	0	p0	physics	non-expert-reading	0	1.0	0.0	1.0	1.0	0.0	0.0	0.6666666666666666	0.3333333333333333
105	biology	0	undergraduate	0	b5	biology	non-expert-reading	0	1.0	1.0	1.0	0.0	1.0	0.0	1.0	0.3333333333333333
105	biology	0	undergraduate	0	b2	biology	non-expert-reading	0	0.0	1.0	0.0	1.0	1.0	1.0	0.3333333333333333	1.0
105	biology	0	undergraduate	0	b3	biology	non-expert-reading	0	1.0	0.0	1.0	0.0	1.0	0.0	0.6666666666666666	0.3333333333333333
105	biology	0	undergraduate	0	b1	biology	non-expert-reading	0	1.0	0.0	0.0	0.0	0.0	1.0	0.3333333333333333	0.3333333333333333
105	biology	0	undergraduate	0	b0	biology	non-expert-reading	0	0.0	1.0	1.0	1.0	1.0	1.0	0.6666666666666666	1.0
105	biology	0	undergraduate	0	p5	physics	non-expert-reading	0	1.0	0.0	1.0	0.0	0.0	0.0	0.6666666666666666	0.0
105	biology	0	undergraduate	0	b4	biology	non-expert-reading	0	1.0	1.0	1.0	1.0	0.0	0.0	1.0	0.3333333333333333
105	biology	0	undergraduate	0	p4	physics	non-expert-reading	0	1.0	0.0	0.0	0.0	0.0	1.0	0.3333333333333333	0.3333333333333333
